station_uid,lat,lon,state,coord_confidence,hybas_lev06
WQS0036,17.616333,81.286295,TELANGANA,Medium,4061081260.0
WQS0039,27.495543,96.215343,ASSAM,Medium,4060836400.0
WQS0040,27.137292,93.750572,ASSAM,Medium,4060865800.0
WQS0044,27.805825,96.017611,ARUNACHAL PRADESH,Medium,4060836060.0
WQS0046,27.853501,96.038366,ASSAM,Medium,4060836060.0
WQS0047,27.414903,95.999133,ASSAM,Medium,4060865930.0
WQS0048,27.63316,95.85058,ARUNACHAL PRADESH,Medium,4060836400.0
WQS0049,27.099005,93.695348,ASSAM,Medium,4060865800.0
WQS0052,27.074892,93.611622,ARUNACHAL PRADESH,Medium,4060865800.0
WQS0053,28.11784,95.283974,ARUNACHAL PRADESH,Medium,4060838850.0
WQS0054,27.529796,94.264206,ARUNACHAL PRADESH,Medium,4060860710.0
WQS0056,24.786736,92.813553,ASSAM,Medium,4060929440.0
WQS0059,26.830744,94.172775,ASSAM,Medium,4060865930.0
WQS0060,26.176,91.68375,ASSAM,Medium,4060886350.0
WQS0061,26.660261,93.174272,ASSAM,Medium,4060872360.0
WQS0062,26.616375,92.82735,ASSAM,Medium,4060876190.0
WQS0063,26.160268,91.56994,ASSAM,Medium,4060886350.0
WQS0064,27.284622,95.662347,ASSAM,Medium,4060865930.0
WQS0066,26.503075,93.952372,ASSAM,Medium,4060870190.0
WQS0067,25.234537,92.847473,NAGALAND,Medium,4060884570.0
WQS0068,26.814742,94.805697,ASSAM,Medium,4060865930.0
WQS0070,27.311023,95.101786,ASSAM,Medium,4060865930.0
WQS0071,26.3354,92.58357,ASSAM,Medium,4060883720.0
WQS0074,24.8674,92.600817,ASSAM,Medium,4060949690.0
WQS0075,26.437483,91.624267,ASSAM,Medium,4060886350.0
WQS0076,26.348056,91.816389,ASSAM,Medium,4060886350.0
WQS0080,26.493169,90.917841,ASSAM,Medium,4060883850.0
WQS0081,26.167661,91.765289,ASSAM,Medium,4060886350.0
WQS0082,26.769318,94.214555,ASSAM,Medium,4060870190.0
WQS0083,26.781058,94.208548,ASSAM,Medium,4060870190.0
WQS0084,27.358877,94.181102,ASSAM,Medium,4060860710.0
WQS0086,26.786797,94.627518,ASSAM,Medium,4060865930.0
WQS0087,27.412578,94.757007,ASSAM,Medium,4060865930.0
WQS0088,26.24776,91.918205,ASSAM,Medium,4060886350.0
WQS0089,26.015519,89.993294,ASSAM,Medium,4060900680.0
WQS0090,26.214866,90.557934,ASSAM,Medium,4060900680.0
WQS0091,26.16994,91.66883,ASSAM,Medium,4060886350.0
WQS0092,27.78433,95.67603,ASSAM,Medium,4060835750.0
WQS0093,26.190372,91.745589,ASSAM,Medium,4060886350.0
WQS0094,26.458611,91.395278,ASSAM,Medium,4060884090.0
WQS0095,27.320585,95.308605,ASSAM,Medium,4060865930.0
WQS0096,27.321156,95.309064,ASSAM,Medium,4060865930.0
WQS0097,27.130021,94.738353,ASSAM,Medium,4060865930.0
WQS0098,26.017997,93.791264,ASSAM,Medium,4060870190.0
WQS0099,26.583641,93.755006,ASSAM,Medium,4060870190.0
WQS0100,26.695365,92.256473,NAGALAND,Medium,4060876180.0
WQS0101,24.679936,92.560945,ASSAM,Medium,4060949690.0
WQS0102,26.120322,91.977702,ASSAM,Medium,4060884570.0
WQS0103,27.381964,95.622819,ASSAM,Medium,4060865930.0
WQS0104,26.975605,94.630335,ASSAM,Medium,4060865930.0
WQS0105,26.999059,94.468503,ASSAM,Medium,4060865930.0
WQS0106,27.101722,93.838085,ASSAM,Medium,4060865800.0
WQS0107,27.141901,95.36639,ASSAM,Medium,4060865930.0
WQS0108,27.053317,94.67365,ASSAM,Medium,4060865930.0
WQS0109,26.996006,94.636585,ASSAM,Medium,4060865930.0
WQS0110,26.779777,92.836601,ASSAM,Medium,4060872230.0
WQS0111,27.467718,94.557012,ASSAM,Medium,4060860710.0
WQS0113,26.846906,94.492244,ASSAM,Medium,4060865930.0
WQS0114,26.759281,92.858803,ASSAM,Medium,4060872230.0
WQS0119,26.165759,92.353897,ASSAM,Medium,4060884570.0
WQS0120,24.648536,92.608089,ASSAM,Medium,4060929740.0
WQS0121,27.411803,95.985028,ASSAM,Medium,4060865930.0
WQS0123,26.602234,93.403253,ASSAM,Medium,4060872360.0
WQS0124,26.265026,92.264751,ASSAM,Medium,4060883720.0
WQS0125,26.349206,92.68035,ASSAM,Medium,4060884570.0
WQS0128,27.832518,95.672347,ASSAM,Medium,4060835750.0
WQS0129,24.870906,92.376439,ASSAM,Medium,4060949690.0
WQS0130,24.854133,92.82625,ASSAM,Medium,4060929440.0
WQS0132,26.32217,90.73856,ASSAM,Medium,4060900680.0
WQS0133,26.496268,90.652663,ASSAM,Medium,4060900680.0
WQS0134,26.848745,92.840375,ASSAM,Medium,4060872230.0
WQS0136,26.447389,91.460667,ASSAM,Medium,4060884090.0
WQS0138,26.699918,92.335305,ASSAM,Medium,4060876180.0
WQS0141,26.311379,89.831334,ASSAM,Medium,4060900670.0
WQS0143,24.735544,92.889269,ASSAM,Medium,4060929440.0
WQS0147,26.732834,94.231503,ASSAM,Medium,4060870190.0
WQS0149,26.4214,90.51945,ASSAM,Medium,4060900680.0
WQS0170,26.038984,85.891341,BIHAR,Medium,4060901970.0
WQS0171,26.341991,85.481683,BIHAR,Medium,4060901970.0
WQS0172,26.138571,85.388808,BIHAR,Medium,4060909770.0
WQS0173,26.136076,85.381196,BIHAR,Medium,4060909770.0
WQS0174,26.222639,84.354122,BIHAR,Medium,4060901850.0
WQS0175,26.364956,84.360872,BIHAR,Medium,4060901850.0
WQS0176,25.988349,85.045545,BIHAR,Medium,4060905060.0
WQS0177,25.692357,85.195574,BIHAR,Medium,4060905060.0
WQS0178,25.254387,86.948424,BIHAR,Medium,4060911950.0
WQS0179,25.573508,83.966669,BIHAR,Medium,4060903720.0
WQS0180,25.576142,83.970428,BIHAR,Medium,4060903720.0
WQS0182,25.267334,87.227318,BIHAR,Medium,4060911950.0
WQS0183,25.557806,85.275648,BIHAR,Medium,4060914420.0
WQS0184,25.381441,85.987169,BIHAR,Medium,4060914420.0
WQS0185,25.384978,86.458978,BIHAR,Medium,4060909900.0
WQS0186,25.627333,85.155472,BIHAR,Medium,4060914420.0
WQS0187,25.257511,86.747053,BIHAR,Medium,4060911950.0
WQS0188,25.708441,84.889727,BIHAR,Medium,4060902870.0
WQS0190,25.368174,86.464302,BIHAR,Medium,4060909900.0
WQS0191,25.487275,85.705236,BIHAR,Medium,4060914420.0
WQS0192,25.548238,85.279377,BIHAR,Medium,4060914420.0
WQS0193,26.576389,85.317222,BIHAR,Medium,4060901970.0
WQS0195,25.217822,84.826131,BIHAR,Medium,4060914420.0
WQS0196,26.415383,85.066452,BIHAR,Medium,4060909770.0
WQS0197,25.501374,86.479837,BIHAR,Medium,4060909770.0
WQS0198,26.660087,85.01303,BIHAR,Medium,4060909770.0
WQS0199,25.867123,85.784927,BIHAR,Medium,4060909770.0
WQS0200,26.223497,84.347097,BIHAR,Medium,4060901850.0
WQS0201,26.222569,84.354022,BIHAR,Medium,4060901850.0
WQS0202,26.520035,84.357095,BIHAR,Medium,4060901850.0
WQS0203,26.231264,84.354868,BIHAR,Medium,4060901850.0
WQS0204,26.411533,86.237133,BIHAR,Medium,4060900840.0
WQS0205,26.410836,86.237178,BIHAR,Medium,4060900840.0
WQS0206,25.678586,85.194604,BIHAR,Medium,4060905060.0
WQS0207,25.675279,85.189845,BIHAR,Medium,4060905060.0
WQS0208,26.360672,84.749947,BIHAR,Medium,4060905060.0
WQS0209,25.68032,84.785773,BIHAR,Medium,4060903120.0
WQS0210,25.655635,85.096308,BIHAR,Medium,4060914420.0
WQS0211,25.315313,86.029821,BIHAR,Medium,4060914420.0
WQS0213,25.242256,86.925987,BIHAR,Medium,4060911950.0
WQS0214,25.271603,87.025665,BIHAR,Medium,4060911950.0
WQS0217,25.650869,85.115085,BIHAR,Medium,4060914420.0
WQS0218,25.622179,85.172816,BIHAR,Medium,4060914420.0
WQS0219,25.620356,85.179995,BIHAR,Medium,4060914420.0
WQS0220,25.511611,85.307417,BIHAR,Medium,4060914420.0
WQS0221,25.740235,84.963161,BIHAR,Medium,4060905050.0
WQS0222,25.73321,84.62247,INTER-STATE,Medium,4060901960.0
WQS0223,25.401104,85.923198,BIHAR,Medium,4060914420.0
WQS0224,25.613753,85.204131,BIHAR,Medium,4060914420.0
WQS0225,25.515132,85.301372,BIHAR,Medium,4060914420.0
WQS0226,25.252575,86.725558,BIHAR,Medium,4060911950.0
WQS0228,25.51994,83.900847,BIHAR,Medium,4060903720.0
WQS0229,25.257757,86.978188,BIHAR,Medium,4060911950.0
WQS0230,25.281489,87.247598,BIHAR,Medium,4060911950.0
WQS0231,25.586863,84.693046,BIHAR,Medium,4060902870.0
WQS0233,24.890805,85.56,BIHAR,Low,4060914430.0
WQS0234,25.724543,84.825249,BIHAR,Medium,4060902870.0
WQS0235,25.771153,84.654639,BIHAR,Medium,4060901850.0
WQS0236,27.105529,84.454541,BIHAR,Medium,4060909770.0
WQS0237,27.094829,84.143868,BIHAR,Medium,4060905060.0
WQS0238,27.096767,84.121881,BIHAR,Medium,4060905060.0
WQS0239,26.195014,85.998259,BIHAR,Medium,4060901010.0
WQS0240,26.269758,86.268875,BIHAR,Medium,4060900840.0
WQS0241,26.135844,86.333137,BIHAR,Medium,4060900840.0
WQS0242,26.596857,86.144676,BIHAR,Medium,4060900840.0
WQS0243,26.784669,84.655511,BIHAR,Medium,4060909770.0
WQS0244,26.78378,84.65578,BIHAR,Medium,4060909770.0
WQS0245,25.386081,87.092419,BIHAR,Medium,4060911800.0
WQS0246,25.42082,87.236262,BIHAR,Medium,4060911800.0
WQS0247,25.930352,86.801274,BIHAR,Medium,4060911800.0
WQS0248,26.73899,85.541954,BIHAR,Medium,4060901970.0
WQS0249,26.588526,85.499289,BIHAR,Medium,4060901970.0
WQS0250,26.392347,88.155896,BIHAR,Medium,4060921230.0
WQS0251,25.527166,85.396373,BIHAR,Medium,4060914420.0
WQS0252,26.658543,85.400266,BIHAR,Medium,4060901970.0
WQS0253,26.399461,87.242477,BIHAR,Medium,4060921230.0
WQS0254,24.885016,84.213799,BIHAR,Medium,4060903120.0
WQS0255,27.170083,84.322471,BIHAR,Medium,4060909770.0
WQS0256,27.17026,84.322348,BIHAR,Medium,4060909770.0
WQS0257,26.960335,84.534192,BIHAR,Medium,4060909770.0
WQS0258,26.560646,85.052409,BIHAR,Medium,4060909770.0
WQS0259,27.105633,84.454622,BIHAR,Medium,4060909770.0
WQS0260,26.98375,84.857739,BIHAR,Medium,4060909770.0
WQS0261,26.988061,84.855244,BIHAR,Medium,4060909770.0
WQS0262,25.240939,84.643099,BIHAR,Medium,4060903120.0
WQS0263,25.297742,84.678992,BIHAR,Medium,4060903120.0
WQS0264,24.671905,84.010068,BIHAR,Medium,4060903120.0
WQS0265,24.902403,84.2074,BIHAR,Medium,4060903120.0
WQS0266,25.5753,84.798144,BIHAR,Medium,4060903120.0
WQS0267,25.045209,84.332819,BIHAR,Medium,4060903120.0
WQS0268,24.902545,84.195807,BIHAR,Medium,4060903120.0
WQS0269,24.887181,84.2106,BIHAR,Medium,4060903120.0
WQS0270,25.513517,85.292658,BIHAR,Medium,4060914420.0
WQS0271,26.148036,85.373764,BIHAR,Medium,4060909770.0
WQS0306,28.62844,77.25616,DELHI,Medium,4060816480.0
WQS0307,28.533295,77.330724,DELHI,Medium,4060816480.0
WQS0309,28.862454,77.207282,INTER-STATE,Medium,4060806680.0
WQS0311,28.73409,77.23417,DELHI,Medium,4060816480.0
WQS0312,28.598582,77.263308,DELHI,Medium,4060816480.0
WQS0313,28.566967,77.294665,DELHI,Medium,4060816480.0
WQS0314,21.635384,73.064972,GUJARAT,Medium,4060031610.0
WQS0315,21.461094,72.726327,GUJARAT,Medium,4060031530.0
WQS0316,22.254744,72.982618,GUJARAT,Medium,4060031730.0
WQS0317,22.81225,73.359778,GUJARAT,Medium,4060031730.0
WQS0318,22.342339,73.054185,GUJARAT,Medium,4060031730.0
WQS0319,22.342298,73.052575,GUJARAT,Medium,4060031730.0
WQS0320,22.4405,73.073361,GUJARAT,Medium,4060031730.0
WQS0321,21.714997,73.042891,GUJARAT,Medium,4060031610.0
WQS0322,22.846264,74.291789,GUJARAT,Medium,4060971400.0
WQS0323,21.832286,72.929571,GUJARAT,Medium,4060031620.0
WQS0324,21.784199,72.912815,GUJARAT,Medium,4060031620.0
WQS0325,21.795463,72.907146,GUJARAT,Medium,4060031620.0
WQS0326,22.868749,72.627351,GUJARAT,Medium,4060031820.0
WQS0327,23.306304,73.824755,GUJARAT,Medium,4060980000.0
WQS0328,23.324822,73.9021,GUJARAT,Medium,4060980000.0
WQS0329,22.460278,73.093889,GUJARAT,Medium,4060031730.0
WQS0331,23.152072,73.551372,GUJARAT,Medium,4060980000.0
WQS0332,23.285842,73.831736,GUJARAT,Medium,4060980000.0
WQS0334,21.665906,72.916681,GUJARAT,Medium,4060031610.0
WQS0335,21.983722,73.456331,GUJARAT,Medium,4060031610.0
WQS0336,21.887833,73.645444,GUJARAT,Medium,4060031610.0
WQS0337,21.862147,73.693991,GUJARAT,Medium,4060031610.0
WQS0338,21.950608,73.584697,GUJARAT,Medium,4060031610.0
WQS0339,23.055164,73.716378,GUJARAT,Medium,4060980270.0
WQS0340,22.721547,72.530103,GUJARAT,Medium,4060031820.0
WQS0341,22.915326,72.515828,GUJARAT,Medium,4060031820.0
WQS0342,23.158286,72.673413,GUJARAT,Medium,4060031820.0
WQS0343,24.004247,72.854736,GUJARAT,Medium,4060031820.0
WQS0344,23.245906,72.68218,GUJARAT,Medium,4060031820.0
WQS0345,23.090926,72.629239,GUJARAT,Medium,4060031820.0
WQS0346,24.22986,73.005317,GUJARAT,Medium,4060031820.0
WQS0347,24.229932,73.005797,GUJARAT,Medium,4060031820.0
WQS0348,23.496903,72.796265,GUJARAT,Medium,4060031820.0
WQS0349,23.06353,72.589064,GUJARAT,Medium,4060031820.0
WQS0350,23.031314,72.575114,GUJARAT,Medium,4060031820.0
WQS0351,22.739321,72.679059,GUJARAT,Medium,4060031820.0
WQS0352,21.479147,74.194227,GUJARAT,Medium,4060031520.0
WQS0353,21.247908,73.301033,GUJARAT,Medium,4060031520.0
WQS0354,21.2855,72.935483,GUJARAT,Medium,4060031520.0
WQS0355,22.982611,72.543139,GUJARAT,Medium,4060031820.0
WQS0356,24.004528,72.853278,GUJARAT,Medium,4060031820.0
WQS0358,21.194545,72.811552,GUJARAT,Medium,4060031520.0
WQS0359,21.259844,73.565783,GUJARAT,Medium,4060031520.0
WQS0360,21.148919,72.743684,GUJARAT,Medium,4060031520.0
WQS0361,21.221618,73.170007,GUJARAT,Medium,4060031520.0
WQS0363,22.255227,73.165754,GUJARAT,Medium,4060031620.0
WQS0364,30.120771,77.394978,INTER-STATE,Medium,4060806680.0
WQS0365,27.954647,77.537365,INTER-STATE,Medium,4060855310.0
WQS0366,30.315098,77.583348,HARYANA,Medium,4060806680.0
WQS0367,30.314987,77.583328,HARYANA,Medium,4060806680.0
WQS0368,30.069997,77.355057,HARYANA,Medium,4060806680.0
WQS0369,29.260009,77.130143,HARYANA,Medium,4060806680.0
WQS0370,29.59746,77.105556,HARYANA,Medium,4060806680.0
WQS0371,28.21916,77.459387,INTER-STATE,Medium,4060855310.0
WQS0372,28.861862,77.207316,HARYANA,Medium,4060806680.0
WQS0373,29.383776,77.154398,HARYANA,Medium,4060806680.0
WQS0374,29.002116,77.023752,HARYANA,Medium,4060806680.0
WQS0375,28.943495,77.20329,HARYANA,Medium,4060806680.0
WQS0377,30.892361,77.210569,HIMACHAL PRADESH,Medium,4060806680.0
WQS0378,31.027695,77.176476,HIMACHAL PRADESH,Medium,4060806680.0
WQS0379,30.993175,77.158821,HIMACHAL PRADESH,Medium,4060806680.0
WQS0380,30.993685,77.160996,HIMACHAL PRADESH,Medium,4060806680.0
WQS0381,32.005553,76.156208,HIMACHAL PRADESH,Medium,4060729700.0
WQS0382,32.022035,76.228191,HIMACHAL PRADESH,Medium,4060729700.0
WQS0383,32.23446,76.31869,HIMACHAL PRADESH,Medium,4060729700.0
WQS0385,31.389297,78.353714,HIMACHAL PRADESH,Medium,4060729890.0
WQS0387,30.455225,77.584234,HIMACHAL PRADESH,Medium,4060806680.0
WQS0388,31.740194,77.207533,HIMACHAL PRADESH,Medium,4060729700.0
WQS0389,31.880753,76.614514,HIMACHAL PRADESH,Medium,4060729700.0
WQS0390,31.963639,77.116392,HIMACHAL PRADESH,Medium,4060729700.0
WQS0391,32.263247,77.185664,HIMACHAL PRADESH,Medium,4060729700.0
WQS0392,31.712408,76.933089,HIMACHAL PRADESH,Medium,4060729700.0
WQS0393,31.686472,77.045619,HIMACHAL PRADESH,Medium,4060729700.0
WQS0394,31.422647,76.812947,HIMACHAL PRADESH,Low,4060729890.0
WQS0395,31.958136,77.115783,HIMACHAL PRADESH,Medium,4060729700.0
WQS0396,31.669367,77.064236,HIMACHAL PRADESH,Medium,4060729700.0
WQS0397,31.705853,76.934903,HIMACHAL PRADESH,Medium,4060729700.0
WQS0398,32.052972,76.649286,HIMACHAL PRADESH,Medium,4060729700.0
WQS0399,32.2871,75.76696,HIMACHAL PRADESH,Medium,4060729700.0
WQS0400,32.221173,76.329502,HIMACHAL PRADESH,Medium,4060729700.0
WQS0402,31.52808,76.161891,HIMACHAL PRADESH,Medium,4060729890.0
WQS0403,32.217077,76.307192,HIMACHAL PRADESH,Medium,4060729700.0
WQS0404,30.882006,77.211344,HIMACHAL PRADESH,Medium,4060806680.0
WQS0405,30.522537,77.667622,HIMACHAL PRADESH,Medium,4060806680.0
WQS0406,30.552658,77.643922,HIMACHAL PRADESH,Medium,4060806680.0
WQS0411,32.156344,76.267619,HIMACHAL PRADESH,Medium,4060729700.0
WQS0412,32.214684,76.354446,HIMACHAL PRADESH,Medium,4060729700.0
WQS0413,32.125412,76.544342,HIMACHAL PRADESH,Medium,4060729700.0
WQS0414,32.129837,76.545715,HIMACHAL PRADESH,Medium,4060729700.0
WQS0415,31.908625,76.466739,HIMACHAL PRADESH,Medium,4060729700.0
WQS0417,32.019789,77.331117,HIMACHAL PRADESH,Medium,4060729700.0
WQS0418,32.027531,77.348536,HIMACHAL PRADESH,Medium,4060729700.0
WQS0419,31.896167,77.147692,HIMACHAL PRADESH,Medium,4060729700.0
WQS0420,32.6083,76.013308,HIMACHAL PRADESH,Medium,4060746720.0
WQS0421,32.57045,76.119792,HIMACHAL PRADESH,Medium,4060746720.0
WQS0422,32.555144,76.121039,HIMACHAL PRADESH,Medium,4060746720.0
WQS0423,31.9513,77.141019,HIMACHAL PRADESH,Medium,4060729700.0
WQS0426,30.429819,77.578623,HIMACHAL PRADESH,Medium,4060806680.0
WQS0427,31.83865,76.505144,HIMACHAL PRADESH,Medium,4060729700.0
WQS0428,31.878094,76.203311,HIMACHAL PRADESH,Medium,4060729700.0
WQS0429,31.935022,76.053444,HIMACHAL PRADESH,Medium,4060729700.0
WQS0430,31.6953,77.1578,HIMACHAL PRADESH,Medium,4060729700.0
WQS0431,32.055762,77.135767,HIMACHAL PRADESH,Medium,4060729700.0
WQS0432,31.992975,76.104857,HIMACHAL PRADESH,Medium,4060729700.0
WQS0433,32.237794,77.190564,HIMACHAL PRADESH,Medium,4060729700.0
WQS0434,32.254308,77.181865,HIMACHAL PRADESH,Medium,4060729700.0
WQS0435,31.791444,76.345222,HIMACHAL PRADESH,Medium,4060729700.0
WQS0436,31.773095,76.315363,HIMACHAL PRADESH,Medium,4060729700.0
WQS0437,31.85086,77.17021,HIMACHAL PRADESH,Medium,4060729700.0
WQS0438,31.956695,77.114211,HIMACHAL PRADESH,Medium,4060729700.0
WQS0439,32.235933,77.190982,HIMACHAL PRADESH,Medium,4060729700.0
WQS0440,31.838933,76.510001,HIMACHAL PRADESH,Medium,4060729700.0
WQS0441,32.254608,77.18548,HIMACHAL PRADESH,Medium,4060729700.0
WQS0442,31.783778,76.339531,HIMACHAL PRADESH,Medium,4060729700.0
WQS0443,31.834143,76.494413,HIMACHAL PRADESH,Medium,4060729700.0
WQS0444,32.55016,76.98081,HIMACHAL PRADESH,Medium,4060729330.0
WQS0445,32.22537,77.19945,HIMACHAL PRADESH,Medium,4060729700.0
WQS0446,32.55084,76.94632,HIMACHAL PRADESH,Medium,4060729330.0
WQS0447,32.55385,76.97233,HIMACHAL PRADESH,Medium,4060729330.0
WQS0448,30.891819,77.21002,HIMACHAL PRADESH,Medium,4060806680.0
WQS0449,30.70992,77.35407,HIMACHAL PRADESH,Medium,4060806680.0
WQS0450,31.06283,77.15857,HIMACHAL PRADESH,Medium,4060806680.0
WQS0451,30.526326,77.66857,HIMACHAL PRADESH,Medium,4060806680.0
WQS0452,30.760455,77.303572,HIMACHAL PRADESH,Medium,4060806680.0
WQS0453,31.785054,77.330491,HIMACHAL PRADESH,Medium,4060729700.0
WQS0454,30.604642,77.440521,HIMACHAL PRADESH,Medium,4060806680.0
WQS0455,30.603186,77.441056,HIMACHAL PRADESH,Medium,4060806680.0
WQS0456,30.799381,77.282001,HIMACHAL PRADESH,Medium,4060806680.0
WQS0457,30.914863,77.243539,HIMACHAL PRADESH,Medium,4060806680.0
WQS0458,31.769476,77.306086,HIMACHAL PRADESH,Medium,4060729700.0
WQS0459,30.613634,77.442374,HIMACHAL PRADESH,Medium,4060806680.0
WQS0466,31.12634,77.747857,HIMACHAL PRADESH,Medium,4060806680.0
WQS0467,31.126891,77.74353,HIMACHAL PRADESH,Medium,4060806680.0
WQS0468,31.200297,77.753211,HIMACHAL PRADESH,Medium,4060806680.0
WQS0469,31.083417,77.802406,HIMACHAL PRADESH,Medium,4060806680.0
WQS0470,31.131481,77.748914,HIMACHAL PRADESH,Medium,4060806680.0
WQS0472,32.492399,76.176291,HIMACHAL PRADESH,Medium,4060746720.0
WQS0473,32.596661,75.992383,HIMACHAL PRADESH,Medium,4060746720.0
WQS0474,32.57,76.161388,HIMACHAL PRADESH,Medium,4060746720.0
WQS0475,32.769722,76.328888,HIMACHAL PRADESH,Low,4060746720.0
WQS0476,31.701264,77.169233,HIMACHAL PRADESH,Medium,4060729700.0
WQS0479,30.915403,76.791131,HIMACHAL PRADESH,Medium,4060729890.0
WQS0481,31.443072,77.627852,HIMACHAL PRADESH,Medium,4060729890.0
WQS0482,31.500595,78.176732,HIMACHAL PRADESH,Medium,4060729890.0
WQS0483,31.500812,78.176998,HIMACHAL PRADESH,Medium,4060729890.0
WQS0484,31.432236,77.622567,HIMACHAL PRADESH,Medium,4060729890.0
WQS0485,31.407469,76.389551,INTER-STATE,Medium,4060729890.0
WQS0486,31.448039,77.628283,HIMACHAL PRADESH,Medium,4060729890.0
WQS0487,31.247458,77.088208,HIMACHAL PRADESH,Medium,4060729890.0
WQS0488,31.859386,77.165125,HIMACHAL PRADESH,Low,4060729700.0
WQS0489,31.804453,78.643214,HIMACHAL PRADESH,Medium,4060709980.0
WQS0490,31.339444,76.751667,HIMACHAL PRADESH,Medium,4060729890.0
WQS0491,31.425772,76.421883,HIMACHAL PRADESH,Medium,4060729890.0
WQS0492,31.536062,77.777423,HIMACHAL PRADESH,Medium,4060729890.0
WQS0493,31.582156,78.428551,HIMACHAL PRADESH,Medium,4060729890.0
WQS0494,31.412833,76.874881,HIMACHAL PRADESH,Medium,4060729890.0
WQS0495,31.414467,76.414779,HIMACHAL PRADESH,Medium,4060729890.0
WQS0496,31.599289,78.304295,PUNJAB,Medium,4060729890.0
WQS0497,31.575155,78.445304,PUNJAB,Medium,4060729890.0
WQS0498,31.399332,77.589413,PUNJAB,Medium,4060729890.0
WQS0499,31.358333,76.760278,HIMACHAL PRADESH,Medium,4060729890.0
WQS0500,31.41804,76.393821,INTER-STATE,Medium,4060729890.0
WQS0501,31.547992,77.792487,HIMACHAL PRADESH,Medium,4060729890.0
WQS0502,31.498702,78.207331,HIMACHAL PRADESH,Medium,4060729890.0
WQS0503,31.590541,78.441513,HIMACHAL PRADESH,Medium,4060729890.0
WQS0504,31.448534,77.63401,HIMACHAL PRADESH,Medium,4060729890.0
WQS0505,31.421014,76.837836,HIMACHAL PRADESH,Medium,4060729890.0
WQS0506,31.576741,76.153032,HIMACHAL PRADESH,Medium,4060729890.0
WQS0507,31.594396,76.144815,HIMACHAL PRADESH,Medium,4060729890.0
WQS0508,31.365081,76.306519,HIMACHAL PRADESH,Medium,4060729890.0
WQS0509,31.480187,76.222113,HIMACHAL PRADESH,Medium,4060729890.0
WQS0510,31.356798,76.310396,HIMACHAL PRADESH,Medium,4060729890.0
WQS0511,31.706232,77.261636,HIMACHAL PRADESH,Medium,4060729700.0
WQS0512,30.556089,77.777152,HIMACHAL PRADESH,Medium,4060806680.0
WQS0513,31.78309,77.00029,HIMACHAL PRADESH,Medium,4060729700.0
WQS0514,30.432892,77.625932,INTER-STATE,Medium,4060806680.0
WQS0515,30.465256,77.661758,HIMACHAL PRADESH,Medium,4060806680.0
WQS0516,30.429123,77.603639,HIMACHAL PRADESH,Medium,4060806680.0
WQS0517,30.392244,77.572103,HIMACHAL PRADESH,Medium,4060806680.0
WQS0518,30.427477,77.589102,HIMACHAL PRADESH,Medium,4060806680.0
WQS0521,31.52722,76.69956,HIMACHAL PRADESH,Medium,4060729890.0
WQS0522,31.203302,77.750076,HIMACHAL PRADESH,Medium,4060806680.0
WQS0523,30.919003,76.806214,HIMACHAL PRADESH,Medium,4060729890.0
WQS0524,30.998567,76.738231,HIMACHAL PRADESH,Medium,4060729890.0
WQS0525,32.721486,76.089586,HIMACHAL PRADESH,Medium,4060746720.0
WQS0526,31.806619,78.641953,HIMACHAL PRADESH,Medium,4060709980.0
WQS0527,31.756389,76.936111,HIMACHAL PRADESH,Medium,4060729700.0
WQS0528,31.54503,76.89314,HIMACHAL PRADESH,Medium,4060729700.0
WQS0531,31.798494,78.639769,HIMACHAL PRADESH,Medium,4060709980.0
WQS0534,31.662493,76.077951,HIMACHAL PRADESH,Medium,4060729890.0
WQS0535,31.684629,76.075096,HIMACHAL PRADESH,Medium,4060729890.0
WQS0536,31.482709,76.221968,HIMACHAL PRADESH,Medium,4060729890.0
WQS0537,31.075267,77.153808,HIMACHAL PRADESH,Medium,4060806680.0
WQS0542,32.983326,74.90052,JAMMU & KASHMIR,Medium,4060729330.0
WQS0543,33.072819,74.834372,JAMMU & KASHMIR,Medium,4060729330.0
WQS0544,32.653333,75.096389,JAMMU & KASHMIR,Medium,4060746720.0
WQS0545,32.635833,75.170278,JAMMU & KASHMIR,Medium,4060746720.0
WQS0546,32.956944,74.961389,JAMMU & KASHMIR,Medium,4060729330.0
WQS0547,33.013333,74.774167,JAMMU & KASHMIR,Medium,4060729330.0
WQS0548,32.895309,74.740171,JAMMU & KASHMIR,Medium,4060729330.0
WQS0550,33.151325,74.882478,JAMMU & KASHMIR,Medium,4060729330.0
WQS0551,34.078121,74.813495,JAMMU & KASHMIR,Medium,4060729320.0
WQS0552,32.893892,75.111563,JAMMU & KASHMIR,Medium,4060729330.0
WQS0553,32.938527,75.165483,JAMMU & KASHMIR,Medium,4060729330.0
WQS0554,32.927918,75.137128,JAMMU & KASHMIR,Medium,4060729330.0
WQS0555,32.571694,75.111288,JAMMU & KASHMIR,Medium,4060746720.0
WQS0556,32.920611,75.125547,JAMMU & KASHMIR,Medium,4060729330.0
WQS0557,34.074254,74.807199,JAMMU & KASHMIR,Medium,4060729320.0
WQS0558,34.09033,74.784796,JAMMU & KASHMIR,Medium,4060729320.0
WQS0559,34.07107,74.827465,JAMMU & KASHMIR,Medium,4060729320.0
WQS0560,33.922416,75.011699,JAMMU & KASHMIR,Medium,4060729320.0
WQS0561,34.208794,74.334486,JAMMU & KASHMIR,Medium,4060729320.0
WQS0562,33.788097,75.10493,JAMMU & KASHMIR,Medium,4060729320.0
WQS0563,34.005819,74.912056,JAMMU & KASHMIR,Medium,4060729320.0
WQS0564,34.038738,74.883134,JAMMU & KASHMIR,Medium,4060729320.0
WQS0565,34.202011,75.475319,JAMMU & KASHMIR,Low,4060729320.0
WQS0566,34.207703,74.353433,JAMMU & KASHMIR,Medium,4060729320.0
WQS0567,33.542289,75.253556,JAMMU & KASHMIR,Medium,4060729320.0
WQS0568,34.246647,74.767647,JAMMU & KASHMIR,Medium,4060729320.0
WQS0569,34.021817,75.317388,JAMMU & KASHMIR,Medium,4060729320.0
WQS0570,34.035358,75.324533,JAMMU & KASHMIR,Medium,4060729320.0
WQS0571,34.003293,75.316204,JAMMU & KASHMIR,Medium,4060729320.0
WQS0572,34.013002,75.31251,JAMMU & KASHMIR,Medium,4060729320.0
WQS0573,34.017888,75.316001,JAMMU & KASHMIR,Medium,4060729320.0
WQS0574,33.717786,75.091692,JAMMU & KASHMIR,Medium,4060729320.0
WQS0576,32.413614,75.689685,JAMMU & KASHMIR,Medium,4060746720.0
WQS0577,32.379336,75.59833,JAMMU & KASHMIR,Medium,4060746720.0
WQS0578,32.379219,75.597276,JAMMU & KASHMIR,Medium,4060746720.0
WQS0579,32.495603,75.821496,JAMMU & KASHMIR,Medium,4060746720.0
WQS0580,34.21323,74.768681,JAMMU & KASHMIR,Medium,4060729320.0
WQS0581,34.195508,74.769814,JAMMU & KASHMIR,Medium,4060729320.0
WQS0582,34.307819,75.283686,JAMMU & KASHMIR,Medium,4060729320.0
WQS0583,34.3045,75.292767,JAMMU & KASHMIR,Medium,4060729320.0
WQS0584,34.229837,74.762405,JAMMU & KASHMIR,Medium,4060729320.0
WQS0585,32.720956,74.843086,JAMMU & KASHMIR,Medium,4060729330.0
WQS0586,32.724181,74.875506,JAMMU & KASHMIR,Medium,4060729330.0
WQS0587,32.658276,74.829651,JAMMU & KASHMIR,Medium,4060729330.0
WQS0588,32.698334,74.830353,JAMMU & KASHMIR,Medium,4060729330.0
WQS0589,32.721426,74.85681,JAMMU & KASHMIR,Medium,4060729330.0
WQS0590,32.804021,74.923034,JAMMU & KASHMIR,Medium,4060729330.0
WQS0591,32.786667,74.978889,JAMMU & KASHMIR,Medium,4060729330.0
WQS0592,32.72058,74.857312,JAMMU & KASHMIR,Medium,4060729330.0
WQS0593,32.667971,75.486415,JAMMU & KASHMIR,Medium,4060746720.0
WQS0594,33.759848,74.095031,JAMMU & KASHMIR,Medium,4060729320.0
WQS0595,32.720904,74.835609,JAMMU & KASHMIR,Medium,4060729330.0
WQS0596,23.681006,86.751872,JHARKHAND,Medium,4060964080.0
WQS0597,23.761172,86.011903,JHARKHAND,Medium,4060964080.0
WQS0598,23.640906,85.510328,JHARKHAND,Medium,4060961650.0
WQS0599,23.633408,85.709433,JHARKHAND,Medium,4060961650.0
WQS0600,25.054889,87.838639,JHARKHAND,High,4060929710.0
WQS0601,23.455233,85.310539,JHARKHAND,Medium,4060026820.0
WQS0602,23.925367,85.765203,JHARKHAND,High,4060961540.0
WQS0603,23.780586,85.876131,JHARKHAND,High,4060961540.0
WQS0604,24.324314,85.522031,JHARKHAND,Medium,4060963930.0
WQS0605,23.652631,85.318525,JHARKHAND,Medium,4060961650.0
WQS0606,24.112461,87.310836,JHARKHAND,Medium,4060026610.0
WQS0607,23.785806,86.813612,JHARKHAND,Medium,4060963930.0
WQS0608,23.770609,85.922067,JHARKHAND,Medium,4060961540.0
WQS0609,23.746417,85.845914,JHARKHAND,Medium,4060961650.0
WQS0610,23.643092,86.464492,JHARKHAND,Medium,4060964080.0
WQS0611,23.668051,86.413068,WEST BENGAL,Medium,4060964080.0
WQS0612,23.766122,86.022026,JHARKHAND,Medium,4060964080.0
WQS0613,23.68358,85.008402,JHARKHAND,Medium,4060961650.0
WQS0614,23.718122,86.201578,JHARKHAND,Medium,4060964080.0
WQS0615,23.771032,85.913316,JHARKHAND,Medium,4060961540.0
WQS0616,23.700981,86.372953,JHARKHAND,Medium,4060964080.0
WQS0617,22.647472,86.399111,JHARKHAND,Medium,4060026820.0
WQS0618,25.05634,87.83515,JHARKHAND,Medium,4060929710.0
WQS0619,25.210819,87.769721,JHARKHAND,Medium,4060921220.0
WQS0620,25.292498,87.63183,JHARKHAND,High,4060921220.0
WQS0621,23.7127,86.192737,JHARKHAND,Medium,4060964080.0
WQS0624,23.769473,86.183249,JHARKHAND,Medium,4060964080.0
WQS0625,23.411517,85.402979,JHARKHAND,Medium,4060026820.0
WQS0627,23.731853,86.316924,JHARKHAND,Medium,4060964080.0
WQS0628,22.828921,86.158853,JHARKHAND,Medium,4060026820.0
WQS0631,22.371809,85.202468,JHARKHAND,Medium,4061001220.0
WQS0632,23.79413,85.863369,JHARKHAND,High,4060961540.0
WQS0633,24.281485,87.208617,JHARKHAND,Medium,4060026610.0
WQS0661,16.503131,75.116569,KARNATAKA,Medium,4061097120.0
WQS0662,16.7341,77.130744,KARNATAKA,Medium,4061096370.0
WQS0663,17.179219,76.566603,KARNATAKA,Medium,4061096370.0
WQS0664,17.069328,76.794283,KARNATAKA,Medium,4061096370.0
WQS0665,17.043481,76.814478,KARNATAKA,Medium,4061096370.0
WQS0668,12.25531,77.163515,KARNATAKA,Medium,4061139430.0
WQS0669,12.414678,77.194984,KARNATAKA,Medium,4061139400.0
WQS0672,13.3839,78.020738,KARNATAKA,Medium,4060028550.0
WQS0674,12.086597,77.198793,KARNATAKA,Medium,4061139430.0
WQS0675,17.107483,76.955311,KARNATAKA,Medium,4061096370.0
WQS0677,16.325069,75.899925,KARNATAKA,Medium,4061098680.0
WQS0678,16.242436,76.370678,KARNATAKA,Medium,4061098040.0
WQS0679,16.369172,76.656647,KARNATAKA,Medium,4061096410.0
WQS0681,15.875672,75.722272,KARNATAKA,Medium,4061098720.0
WQS0682,16.009319,75.878022,KARNATAKA,Medium,4061098720.0
WQS0688,13.832272,75.713164,KARNATAKA,Medium,4061113150.0
WQS0691,13.212753,75.234217,KARNATAKA,Medium,4061113150.0
WQS0692,13.812647,75.716319,KARNATAKA,Medium,4061113150.0
WQS0693,13.845247,75.704467,KARNATAKA,Medium,4061113150.0
WQS0694,17.169773,76.935497,INTER-STATE,Medium,4061096370.0
WQS0696,12.24452,77.471777,RD_BANGALORE,Medium,4061145690.0
WQS0699,12.418187,76.679259,KARNATAKA,Medium,4061140240.0
WQS0705,12.425022,76.653544,KARNATAKA,Medium,4061140240.0
WQS0706,12.423705,76.693672,KARNATAKA,Medium,4061140240.0
WQS0707,12.259171,77.161325,KARNATAKA,Medium,4061139430.0
WQS0708,12.427942,76.67245,KARNATAKA,Medium,4061140240.0
WQS0711,12.407656,76.72181,KARNATAKA,Medium,4061140240.0
WQS0715,12.28783,77.183667,KARNATAKA,Medium,4061139430.0
WQS0721,12.585609,77.04289,KARNATAKA,Medium,4061139400.0
WQS0723,16.328103,75.268333,KARNATAKA,Medium,4061097210.0
WQS0724,16.321964,75.245115,KARNATAKA,Medium,4061097210.0
WQS0726,12.809694,76.205642,KARNATAKA,Medium,4061140240.0
WQS0733,17.220551,77.263611,KARNATAKA,Medium,4061096370.0
WQS0734,17.139369,76.966739,KARNATAKA,Medium,4061096370.0
WQS0737,16.380508,77.362725,KARNATAKA,Medium,4061101500.0
WQS0738,16.423975,76.935497,KARNATAKA,Medium,4061096410.0
WQS0743,17.975036,77.411781,KARNATAKA,Medium,4061066980.0
WQS0745,12.422764,77.226144,KARNATAKA,Medium,4061139400.0
WQS0747,12.584716,77.049787,KARNATAKA,Medium,4061139400.0
WQS0750,13.926464,75.583336,KARNATAKA,Medium,4061113150.0
WQS0751,13.702869,75.4042,KARNATAKA,Medium,4061113150.0
WQS0754,14.011333,75.676667,KARNATAKA,Medium,4061113150.0
WQS0755,15.41225,76.58625,KARNATAKA,Medium,4061103960.0
WQS0757,15.691848,76.895721,KARNATAKA,Medium,4061103960.0
WQS0760,15.766044,76.98655,KARNATAKA,Medium,4061103020.0
WQS0770,12.584216,77.041515,KARNATAKA,Medium,4061139400.0
WQS0771,11.827676,77.026369,KARNATAKA,Medium,4061139430.0
WQS0773,15.494844,76.692417,KARNATAKA,Medium,4061103960.0
WQS0774,13.006814,76.099553,KARNATAKA,Medium,4061140240.0
WQS0781,22.769157,74.605708,MADHYA PRADESH,Medium,4060971400.0
WQS0783,24.373062,81.601823,MADHYA PRADESH,Medium,4060903120.0
WQS0784,23.540606,77.802246,MADHYA PRADESH,Medium,4060895600.0
WQS0785,23.550512,77.79947,MADHYA PRADESH,Medium,4060895600.0
WQS0788,24.518131,81.299578,MADHYA PRADESH,Medium,4060915780.0
WQS0789,23.725166,75.377851,MADHYA PRADESH,Medium,4060908080.0
WQS0790,23.056541,75.388095,MADHYA PRADESH,Medium,4060908080.0
WQS0793,26.429359,78.430415,MADHYA PRADESH,Medium,4060878420.0
WQS0794,24.044837,82.730077,MADHYA PRADESH,Medium,4060903120.0
WQS0799,22.975913,75.917152,MADHYA PRADESH,Medium,4060908080.0
WQS0800,23.486294,75.654008,MADHYA PRADESH,Medium,4060908080.0
WQS0801,22.969472,76.056836,MADHYA PRADESH,Medium,4060908080.0
WQS0802,23.177764,74.92737,MADHYA PRADESH,Medium,4060965550.0
WQS0816,24.010655,76.734197,MADHYA PRADESH,Medium,4060908090.0
WQS0817,23.495145,77.100818,MADHYA PRADESH,Medium,4060898640.0
WQS0818,24.586045,77.069419,MADHYA PRADESH,Medium,4060898640.0
WQS0819,24.634714,77.2978,MADHYA PRADESH,Medium,4060898640.0
WQS0820,23.012867,74.795587,MADHYA PRADESH,Medium,4060965550.0
WQS0822,23.726307,78.753626,MADHYA PRADESH,Low,4060900980.0
WQS0823,24.539646,81.282014,MADHYA PRADESH,Medium,4060915780.0
WQS0824,24.398043,78.17802,MADHYA PRADESH,Medium,4060895600.0
WQS0825,24.317042,78.127198,MADHYA PRADESH,Medium,4060895600.0
WQS0826,23.070703,77.536902,MADHYA PRADESH,Medium,4060895600.0
WQS0828,25.393032,78.661879,MADHYA PRADESH,Medium,4060895600.0
WQS0829,23.141901,77.615943,MADHYA PRADESH,Medium,4060895600.0
WQS0830,23.333714,77.778319,MADHYA PRADESH,Medium,4060895600.0
WQS0831,23.541173,77.801938,MADHYA PRADESH,Medium,4060895600.0
WQS0832,24.701686,75.548578,MADHYA PRADESH,Medium,4060908080.0
WQS0833,26.660536,77.904557,MADHYA PRADESH,Medium,4060876840.0
WQS0834,24.700092,75.552627,MADHYA PRADESH,Medium,4060908080.0
WQS0835,24.699027,75.551954,MADHYA PRADESH,Medium,4060908080.0
WQS0836,26.697563,78.934885,MADHYA PRADESH,Medium,4060876840.0
WQS0837,22.429328,75.508403,MADHYA PRADESH,Medium,4060031610.0
WQS0840,25.86346,76.57626,MADHYA PRADESH,Medium,4060896170.0
WQS0841,23.396067,76.291283,MADHYA PRADESH,Medium,4060908090.0
WQS0842,24.51305,77.155586,MADHYA PRADESH,Medium,4060898640.0
WQS0843,24.516301,77.147711,MADHYA PRADESH,Medium,4060898640.0
WQS0844,23.208633,75.63501,MADHYA PRADESH,Medium,4060908080.0
WQS0845,22.291974,74.580008,MADHYA PRADESH,Medium,4060031610.0
WQS0848,23.330385,75.034646,MADHYA PRADESH,Medium,4060965550.0
WQS0849,24.746865,78.829917,MADHYA PRADESH,Medium,4060895600.0
WQS0850,23.382156,81.003573,MADHYA PRADESH,Medium,4060903120.0
WQS0851,23.19787,77.39094,MADHYA PRADESH,Medium,4060895600.0
WQS0852,23.110272,77.508595,MADHYA PRADESH,Medium,4060895600.0
WQS0855,24.5415,81.1523,MADHYA PRADESH,Medium,4060915780.0
WQS0856,24.5849,81.1207,MADHYA PRADESH,Medium,4060915780.0
WQS0857,24.733586,80.005468,MADHYA PRADESH,Medium,4060900980.0
WQS0858,22.703363,75.877149,MADHYA PRADESH,Medium,4060908080.0
WQS0859,22.703191,75.877117,MADHYA PRADESH,Medium,4060908080.0
WQS0860,22.970572,75.838654,MADHYA PRADESH,Medium,4060908080.0
WQS0861,23.20883,75.63382,MADHYA PRADESH,Medium,4060908080.0
WQS0862,23.187353,75.764282,MADHYA PRADESH,Medium,4060908080.0
WQS0863,23.211447,75.774618,MADHYA PRADESH,Medium,4060908080.0
WQS0864,22.97582,75.917157,MADHYA PRADESH,Medium,4060908080.0
WQS0867,23.031056,75.210878,MADHYA PRADESH,Medium,4060965550.0
WQS0868,23.313242,74.635278,MADHYA PRADESH,Medium,4060965550.0
WQS0869,23.342055,74.726385,MADHYA PRADESH,Medium,4060965550.0
WQS0870,23.639659,75.126136,MADHYA PRADESH,Medium,4060908080.0
WQS0871,25.172394,80.869776,MADHYA PRADESH,Medium,4060911450.0
WQS0872,25.167996,80.867736,MADHYA PRADESH,Medium,4060911450.0
WQS0911,23.389808,76.720364,MADHYA PRADESH,Medium,4060908090.0
WQS0915,24.563335,82.355044,MADHYA PRADESH,Medium,4060903120.0
WQS0916,26.226494,77.995516,MADHYA PRADESH,Medium,4060878420.0
WQS0917,25.888006,78.337099,MADHYA PRADESH,Medium,4060878420.0
WQS0918,23.36049,81.499529,MADHYA PRADESH,Medium,4060903120.0
WQS0919,23.200563,81.588112,MADHYA PRADESH,Medium,4060903120.0
WQS0920,23.169815,81.656141,MADHYA PRADESH,Medium,4060903120.0
WQS0921,24.549617,82.351214,MADHYA PRADESH,Medium,4060903120.0
WQS0922,24.420207,81.674038,MADHYA PRADESH,Medium,4060903120.0
WQS0923,24.191914,81.287449,MADHYA PRADESH,Medium,4060903120.0
WQS0924,23.314763,81.459256,MADHYA PRADESH,Medium,4060903120.0
WQS0925,22.658372,81.766812,MADHYA PRADESH,Medium,4061010920.0
WQS0926,24.485848,81.993897,MADHYA PRADESH,Medium,4060903120.0
WQS0927,24.161817,82.385269,MADHYA PRADESH,Medium,4060903120.0
WQS0928,24.597064,82.729328,MADHYA PRADESH,Medium,4060903120.0
WQS0931,24.853018,81.313933,MADHYA PRADESH,Medium,4060915780.0
WQS0932,25.043083,81.721004,MADHYA PRADESH,Medium,4060915780.0
WQS0933,25.043102,81.721755,MADHYA PRADESH,Medium,4060915780.0
WQS0934,24.564419,80.909003,MADHYA PRADESH,Medium,4060915780.0
WQS0935,24.563732,80.911732,MADHYA PRADESH,Medium,4060915780.0
WQS0940,24.53605,81.2839,MADHYA PRADESH,Medium,4060915780.0
WQS0941,23.571553,76.46671,MADHYA PRADESH,Medium,4060908090.0
WQS0942,24.05703,75.074378,MADHYA PRADESH,Medium,4060908080.0
WQS0950,21.328133,74.569733,MAHARASHTRA,High,4060031520.0
WQS0951,18.470567,74.58725,MAHARASHTRA,High,4061076050.0
WQS0952,18.544117,73.882433,MAHARASHTRA,High,4061067580.0
WQS0953,17.415167,75.8461,MAHARASHTRA,High,4061083880.0
WQS0954,18.6452,74.05505,MAHARASHTRA,High,4061067500.0
WQS0955,18.27235,74.798217,MAHARASHTRA,Medium,4061076050.0
WQS0956,18.915367,75.737267,MAHARASHTRA,High,4061056740.0
WQS0957,21.056,75.071383,MAHARASHTRA,High,4061024010.0
WQS0958,17.6681,75.347317,MAHARASHTRA,High,4061080660.0
WQS0959,17.72995,75.312417,MAHARASHTRA,High,4061080660.0
WQS0960,19.871767,73.83725,MAHARASHTRA,High,4061050730.0
WQS0961,19.931217,73.85715,MAHARASHTRA,High,4061050730.0
WQS0962,19.868567,73.8277,MAHARASHTRA,High,4061050730.0
WQS0963,19.905833,73.842433,MAHARASHTRA,High,4061050730.0
WQS0964,19.803067,73.737933,MAHARASHTRA,High,4061050730.0
WQS0965,18.832683,74.391733,MAHARASHTRA,High,4061068520.0
WQS0966,20.989533,75.5157,MAHARASHTRA,Medium,4061025600.0
WQS0967,19.2254,76.364233,MAHARASHTRA,High,4061059140.0
WQS0968,19.487717,75.3712,MAHARASHTRA,High,4061056630.0
WQS0969,19.12685,77.279383,MAHARASHTRA,High,4061063670.0
WQS0970,20.008917,74.132467,MAHARASHTRA,High,4061050730.0
WQS0972,20.000117,73.815117,MAHARASHTRA,High,4061050730.0
WQS0973,21.545733,74.4603,MAHARASHTRA,High,4060031520.0
WQS0974,20.667183,75.357733,MAHARASHTRA,High,4061025600.0
WQS0975,18.68365,73.87855,MAHARASHTRA,High,4061067500.0
WQS0976,21.25,79.133333,MAHARASHTRA,High,4061051450.0
WQS0977,17.294833,74.188683,MAHARASHTRA,High,4061097120.0
WQS0978,17.69075,74.051467,MAHARASHTRA,High,4061084990.0
WQS0979,17.695583,74.054767,MAHARASHTRA,High,4061084990.0
WQS0981,17.966667,73.833333,MAHARASHTRA,High,4061084990.0
WQS0982,16.861833,74.55765,MAHARASHTRA,Medium,4061097120.0
WQS0984,18.429431,76.668723,MAHARASHTRA,Low,4061074710.0
WQS0985,18.430433,76.670883,MAHARASHTRA,High,4061074710.0
WQS0986,21.107583,75.791917,MAHARASHTRA,High,4061026390.0
WQS0987,18.567483,73.81125,MAHARASHTRA,High,4061067580.0
WQS0988,18.44055,73.773517,MAHARASHTRA,High,4061067580.0
WQS0989,18.52145,73.8503,MAHARASHTRA,High,4061067580.0
WQS0991,18.10155,74.233967,MAHARASHTRA,High,4061076080.0
WQS0992,18.057067,74.488667,MAHARASHTRA,High,4061076080.0
WQS0993,18.146183,73.984067,MAHARASHTRA,High,4061076080.0
WQS0994,18.09685,74.212167,MAHARASHTRA,High,4061076080.0
WQS0995,16.665833,74.474917,MAHARASHTRA,Medium,4061097120.0
WQS0996,16.711617,74.280367,MAHARASHTRA,High,4061097120.0
WQS0997,16.721883,74.594533,MAHARASHTRA,High,4061097120.0
WQS0998,16.69255,74.166217,MAHARASHTRA,High,4061097120.0
WQS0999,20.95675,74.2933,MAHARASHTRA,High,4061024050.0
WQS1000,18.625883,73.778017,MAHARASHTRA,High,4061067580.0
WQS1001,18.602283,73.821767,MAHARASHTRA,High,4061067580.0
WQS1002,18.621683,73.798383,MAHARASHTRA,High,4061067580.0
WQS1004,21.0,77.216667,MAHARASHTRA,High,4061026400.0
WQS1005,21.163233,73.78685,MAHARASHTRA,High,4060031520.0
WQS1006,17.571733,74.0477,MAHARASHTRA,Medium,4061084990.0
WQS1007,18.5679,74.378017,MAHARASHTRA,High,4061068510.0
WQS1008,17.5,75.5,MAHARASHTRA,Medium,4061083880.0
WQS1009,18.483533,73.8259,MAHARASHTRA,Medium,4061067580.0
WQS1011,21.301283,75.796967,MAHARASHTRA,High,4061026390.0
WQS1012,20.5351,74.520333,MAHARASHTRA,High,4061025600.0
WQS1014,20.001817,73.797367,MAHARASHTRA,High,4061050730.0
WQS1015,19.480583,75.39725,MAHARASHTRA,High,4061056630.0
WQS1016,20.0091,73.783667,MAHARASHTRA,High,4061050730.0
WQS1017,19.356533,75.7145,MAHARASHTRA,High,4061056630.0
WQS1018,20.0002,73.815233,MAHARASHTRA,High,4061050730.0
WQS1019,18.55405,76.148317,MAHARASHTRA,Medium,4061074710.0
WQS1020,18.89635,77.677667,MAHARASHTRA,Medium,4061063670.0
WQS1021,20.008033,73.792367,MAHARASHTRA,High,4061050730.0
WQS1022,20.014317,74.005833,MAHARASHTRA,High,4061050730.0
WQS1024,20.04,73.679183,MAHARASHTRA,High,4061050730.0
WQS1025,19.514783,75.374283,MAHARASHTRA,High,4061056630.0
WQS1026,20.023183,73.729,MAHARASHTRA,High,4061050730.0
WQS1027,18.657133,73.91,MAHARASHTRA,High,4061067500.0
WQS1028,18.68885,73.84655,MAHARASHTRA,High,4061067500.0
WQS1029,21.209583,79.236717,MAHARASHTRA,High,4061051450.0
WQS1030,21.211317,79.23545,MAHARASHTRA,High,4061051450.0
WQS1031,21.216667,79.2,MAHARASHTRA,Medium,4061051450.0
WQS1032,17.2778,74.175467,MAHARASHTRA,High,4061085090.0
WQS1033,16.628617,74.664883,MAHARASHTRA,Medium,4061097120.0
WQS1034,17.0279,74.36885,MAHARASHTRA,High,4061097120.0
WQS1035,20.150267,77.560367,MAHARASHTRA,High,4061045910.0
WQS1036,18.574367,73.83565,MAHARASHTRA,High,4061067580.0
WQS1037,18.530767,74.34825,MAHARASHTRA,Medium,4061068510.0
WQS1038,18.536767,73.933583,MAHARASHTRA,High,4061067580.0
WQS1039,18.515167,73.844617,MAHARASHTRA,High,4061067580.0
WQS1040,18.53025,73.861033,MAHARASHTRA,High,4061067580.0
WQS1041,18.176467,73.954783,MAHARASHTRA,High,4061076080.0
WQS1042,18.573817,73.831817,MAHARASHTRA,High,4061067580.0
WQS1043,18.639567,73.747783,MAHARASHTRA,High,4061067580.0
WQS1044,18.575667,73.825583,MAHARASHTRA,Medium,4061067580.0
WQS1045,20.825533,77.56305,MAHARASHTRA,High,4061026400.0
WQS1046,20.150167,76.560417,MAHARASHTRA,High,4061045960.0
WQS1048,20.886667,76.856067,MAHARASHTRA,High,4061026400.0
WQS1049,20.9066,77.613617,MAHARASHTRA,High,4061026400.0
WQS1050,21.244933,76.1483,MAHARASHTRA,High,4061026240.0
WQS1051,21.193101,74.998197,MAHARASHTRA,Medium,4061024010.0
WQS1052,21.51157,74.341964,MAHARASHTRA,Medium,4060031520.0
WQS1053,21.061183,75.792283,MAHARASHTRA,High,4061026390.0
WQS1054,21.529983,74.31915,MAHARASHTRA,Medium,4060031520.0
WQS1055,21.266667,79.166667,MAHARASHTRA,Low,4061051450.0
WQS1057,21.51064,79.894955,MAHARASHTRA,Medium,4061051450.0
WQS1058,21.355117,79.79905,MAHARASHTRA,Medium,4061051450.0
WQS1059,21.357567,79.799033,MAHARASHTRA,Medium,4061051450.0
WQS1060,19.89905,79.148517,MAHARASHTRA,Medium,4061045970.0
WQS1061,19.90485,79.1149,MAHARASHTRA,High,4061045970.0
WQS1062,19.99055,79.262567,MAHARASHTRA,High,4061051540.0
WQS1063,20.5,78.333333,MAHARASHTRA,Medium,4061045970.0
WQS1064,19.9056,79.1149,MAHARASHTRA,Medium,4061045970.0
WQS1065,19.987717,79.115117,MAHARASHTRA,Medium,4061045970.0
WQS1066,17.784917,75.709617,MAHARASHTRA,High,4061083890.0
WQS1067,20.46645,75.019417,MAHARASHTRA,High,4061025600.0
WQS1068,17.57175,74.047717,MAHARASHTRA,High,4061084990.0
WQS1069,18.693567,74.135333,MAHARASHTRA,High,4061067500.0
WQS1070,17.9216,73.69125,MAHARASHTRA,High,4061084990.0
WQS1071,17.692767,74.050717,MAHARASHTRA,High,4061084990.0
WQS1072,17.729883,73.982133,MAHARASHTRA,High,4061084990.0
WQS1073,21.0932,75.694033,MAHARASHTRA,High,4061025510.0
WQS1074,20.619483,79.940133,MAHARASHTRA,Medium,4061051450.0
WQS1075,20.619483,79.8568,MAHARASHTRA,High,4061051450.0
WQS1076,19.8,79.383333,MAHARASHTRA,High,4061051540.0
WQS1077,20.54425,78.8119,MAHARASHTRA,High,4061045970.0
WQS1078,20.950133,79.0126,MAHARASHTRA,Medium,4061045970.0
WQS1079,25.017194,93.448975,ASSAM,Medium,4060947390.0
WQS1080,25.311503,94.053232,ASSAM,Medium,4060947390.0
WQS1097,24.795541,93.960078,MANIPUR,Medium,4060977220.0
WQS1098,24.782718,93.958866,MANIPUR,Medium,4060977220.0
WQS1099,24.736386,93.805562,MANIPUR,Medium,4060977220.0
WQS1103,24.42577,93.50198,MANIPUR,Medium,4060947390.0
WQS1109,24.854706,93.616713,ASSAM,Medium,4060947390.0
WQS1111,24.614802,93.790494,MANIPUR,Medium,4060977220.0
WQS1120,24.783377,93.66353,MANIPUR,Medium,4060947390.0
WQS1121,25.65076,90.80859,MEGHALAYA,Medium,4060949680.0
WQS1122,25.8358,90.78135,MEGHALAYA,Medium,4060900680.0
WQS1124,25.336148,90.339247,MEGHALAYA,Low,4060949680.0
WQS1125,25.904203,90.606251,MEGHALAYA,Medium,4060900680.0
WQS1126,25.65154,90.4027,MEGHALAYA,Medium,4060900680.0
WQS1129,25.3252,92.31673,MEGHALAYA,Medium,4060949680.0
WQS1130,25.33435,92.31437,MEGHALAYA,Medium,4060949680.0
WQS1131,25.52665,92.62767,MEGHALAYA,Medium,4060884570.0
WQS1132,25.50332,92.59048,MEGHALAYA,Medium,4060884570.0
WQS1133,25.38251,92.45122,MEGHALAYA,Medium,4060884570.0
WQS1134,25.474742,91.263805,MEGHALAYA,Medium,4060949680.0
WQS1135,25.223748,91.240649,MEGHALAYA,Medium,4060949680.0
WQS1136,25.499935,91.708243,MEGHALAYA,Medium,4060949680.0
WQS1137,25.367394,92.450206,MEGHALAYA,Medium,4060884570.0
WQS1138,25.324016,91.731814,MEGHALAYA,Medium,4060949680.0
WQS1139,25.268424,92.198469,MEGHALAYA,Medium,4060949680.0
WQS1140,25.224359,92.422355,MEGHALAYA,Medium,4060949680.0
WQS1142,25.293878,92.391253,MEGHALAYA,Medium,4060949680.0
WQS1143,25.23431,92.22689,MEGHALAYA,Medium,4060949680.0
WQS1144,25.525132,92.297969,MEGHALAYA,Medium,4060884570.0
WQS1145,25.565302,92.209276,MEGHALAYA,Medium,4060884570.0
WQS1146,25.268735,92.19829,MEGHALAYA,Medium,4060949680.0
WQS1147,25.434337,92.204576,MEGHALAYA,Medium,4060949680.0
WQS1148,25.439233,92.219175,MEGHALAYA,Medium,4060949680.0
WQS1149,25.524342,91.272386,MEGHALAYA,Medium,4060949680.0
WQS1150,25.52527,91.28034,MEGHALAYA,Medium,4060949680.0
WQS1151,25.45203,90.7055,MEGHALAYA,Medium,4060949680.0
WQS1152,25.38231,91.40126,MEGHALAYA,Medium,4060949680.0
WQS1153,25.60413,91.18264,MEGHALAYA,Medium,4060949680.0
WQS1154,25.289431,91.712861,MEGHALAYA,Medium,4060949680.0
WQS1155,25.45442,90.70581,MEGHALAYA,Low,4060949680.0
WQS1156,25.489101,90.774034,MEGHALAYA,Medium,4060949680.0
WQS1157,25.473479,90.620548,MEGHALAYA,Medium,4060949680.0
WQS1158,25.34692,92.14458,MEGHALAYA,Medium,4060949680.0
WQS1163,25.669851,91.901017,MEGHALAYA,Medium,4060884570.0
WQS1164,25.593153,92.041119,MEGHALAYA,Medium,4060884570.0
WQS1165,25.566645,92.030121,MEGHALAYA,Medium,4060884570.0
WQS1166,25.606128,92.073859,MEGHALAYA,Medium,4060884570.0
WQS1167,25.55801,91.909026,MEGHALAYA,Medium,4060884570.0
WQS1168,25.624451,91.881237,MEGHALAYA,Medium,4060884570.0
WQS1169,25.587194,91.990592,MEGHALAYA,Medium,4060884570.0
WQS1170,25.58026,91.90816,MEGHALAYA,Medium,4060884570.0
WQS1171,25.39074,91.507333,MEGHALAYA,Medium,4060949680.0
WQS1172,25.169224,91.385296,MEGHALAYA,Medium,4060949680.0
WQS1173,25.201766,92.019339,MEGHALAYA,Medium,4060949680.0
WQS1174,25.499514,91.902321,MEGHALAYA,Medium,4060949680.0
WQS1175,25.56574,91.889085,MEGHALAYA,Medium,4060884570.0
WQS1176,25.561417,91.893367,MEGHALAYA,Medium,4060884570.0
WQS1177,25.566957,91.87779,MEGHALAYA,Medium,4060884570.0
WQS1180,25.673831,91.061082,MEGHALAYA,Medium,4060949680.0
WQS1181,25.66259,91.08636,MEGHALAYA,Medium,4060949680.0
WQS1182,25.24998,91.74238,MEGHALAYA,Medium,4060949680.0
WQS1183,25.188348,91.764313,MEGHALAYA,Medium,4060949680.0
WQS1184,25.348229,92.42338,MEGHALAYA,Medium,4060949680.0
WQS1186,23.827071,92.643257,MIZORAM,Medium,4060929740.0
WQS1187,22.399498,92.960268,MIZORAM,Medium,4060024890.0
WQS1188,24.437574,92.770386,MIZORAM,Medium,4060929440.0
WQS1193,24.082351,92.504575,MIZORAM,Medium,4060929740.0
WQS1199,23.716306,92.748333,MIZORAM,Medium,4060929440.0
WQS1201,22.867092,92.765439,MIZORAM,Medium,4060024890.0
WQS1205,23.728736,92.726004,MIZORAM,Medium,4060929440.0
WQS1206,22.909203,92.464381,MIZORAM,Medium,4060025260.0
WQS1207,22.441188,92.784176,MIZORAM,Medium,4060024890.0
WQS1208,23.926689,92.525016,MIZORAM,Medium,4060929740.0
WQS1210,24.338392,92.768465,MIZORAM,Medium,4060929440.0
WQS1211,23.946643,92.450596,MIZORAM,Medium,4060929740.0
WQS1212,23.958896,92.428097,MIZORAM,Medium,4060929740.0
WQS1213,23.468194,93.218141,MIZORAM,Medium,4060024890.0
WQS1215,24.179943,92.535206,MIZORAM,Medium,4060929740.0
WQS1216,23.711097,92.665208,MIZORAM,Medium,4060929740.0
WQS1217,23.495076,92.658043,MIZORAM,Medium,4060929740.0
WQS1218,22.868171,92.767807,MIZORAM,Medium,4060024890.0
WQS1219,22.850748,92.811513,MIZORAM,Medium,4060929740.0
WQS1220,23.813611,92.652778,MIZORAM,Medium,4060929740.0
WQS1221,23.712028,92.663875,MIZORAM,Medium,4060929740.0
WQS1222,24.225579,92.676645,MIZORAM,Medium,4060929440.0
WQS1223,23.725482,92.707341,MIZORAM,Medium,4060929740.0
WQS1224,23.457635,93.341798,MIZORAM,Medium,4060024890.0
WQS1225,22.879519,92.935696,MIZORAM,Medium,4060024890.0
WQS1226,24.356512,92.886025,MIZORAM,Medium,4060929440.0
WQS1228,23.721011,92.799853,MIZORAM,Medium,4060929440.0
WQS1230,23.675086,92.793567,MIZORAM,Medium,4060929440.0
WQS1233,23.770285,92.520087,MIZORAM,Medium,4060929740.0
WQS1235,22.867859,92.774345,MIZORAM,Medium,4060929740.0
WQS1236,23.693552,92.681589,MIZORAM,Medium,4060929740.0
WQS1237,22.905402,92.930721,MIZORAM,Medium,4060024890.0
WQS1238,23.720986,92.799764,MIZORAM,Medium,4060929440.0
WQS1244,22.528171,92.869426,MIZORAM,Medium,4060024890.0
WQS1245,23.476789,93.322481,MIZORAM,Medium,4060024890.0
WQS1246,23.328854,92.857935,MIZORAM,Medium,4060024890.0
WQS1247,23.729252,92.71645,MIZORAM,Medium,4060929740.0
WQS1248,23.344145,92.849526,MIZORAM,Medium,4060024890.0
WQS1249,23.702311,92.791796,MIZORAM,Medium,4060929440.0
WQS1250,23.610912,92.78712,MIZORAM,Medium,4060929440.0
WQS1251,23.724372,92.855962,MIZORAM,Medium,4060929440.0
WQS1252,23.671116,92.961781,MIZORAM,Medium,4060929440.0
WQS1257,23.705972,92.641333,MIZORAM,Medium,4060929740.0
WQS1258,25.768833,93.816667,NAGALAND,Medium,4060870190.0
WQS1259,25.86495,93.78195,NAGALAND,High,4060870190.0
WQS1260,25.912833,93.743,NAGALAND,High,4060870190.0
WQS1261,25.886833,93.735833,NAGALAND,High,4060870190.0
WQS1262,25.801511,93.606777,NAGALAND,Medium,4060870190.0
WQS1263,25.927667,93.7472,NAGALAND,High,4060870190.0
WQS1264,25.921333,93.724833,NAGALAND,Medium,4060870190.0
WQS1266,25.675285,94.107884,NAGALAND,Medium,4060870190.0
WQS1268,25.674565,94.107658,NAGALAND,Medium,4060870190.0
WQS1270,25.658233,94.129967,NAGALAND,Medium,4060870190.0
WQS1271,25.756631,93.579979,NAGALAND,Medium,4060870190.0
WQS1272,25.927965,93.747245,NAGALAND,Medium,4060870190.0
WQS1273,25.910359,93.743963,NAGALAND,Medium,4060870190.0
WQS1274,25.886359,93.735543,NAGALAND,Medium,4060870190.0
WQS1275,25.903667,93.681667,NAGALAND,Medium,4060870190.0
WQS1276,25.67564,94.109775,NAGALAND,Medium,4060870190.0
WQS1277,25.658617,94.1301,NAGALAND,Medium,4060870190.0
WQS1278,26.662667,94.662667,NAGALAND,Medium,4060865930.0
WQS1279,26.720833,94.620111,NAGALAND,Medium,4060865930.0
WQS1280,25.708833,94.1015,NAGALAND,Medium,4060870190.0
WQS1290,21.311885,86.475846,ODISHA,Medium,4060026830.0
WQS1351,21.486397,86.993447,ODISHA,Medium,4060026830.0
WQS1412,21.855659,87.247746,INTER-STATE,Medium,4060026820.0
WQS1421,21.550686,86.858922,ODISHA,Medium,4060026830.0
WQS1424,10.9095,79.817833,PUDUCHERRY,High,4060028770.0
WQS1425,11.883585,79.787326,PUDUCHERRY,High,4060028560.0
WQS1426,16.730167,82.217389,PUDUCHERRY,High,4060027780.0
WQS1429,31.508844,75.307539,PUNJAB,Medium,4060729700.0
WQS1430,31.989016,75.832499,PUNJAB,Medium,4060729700.0
WQS1432,31.374996,75.162691,PUNJAB,Medium,4060729700.0
WQS1433,31.923867,75.541467,PUNJAB,Medium,4060729700.0
WQS1434,31.198828,75.006411,PUNJAB,Medium,4060729700.0
WQS1435,31.958888,75.873028,PUNJAB,Medium,4060729700.0
WQS1436,31.51012,75.304936,PUNJAB,Medium,4060729700.0
WQS1438,31.228401,75.055481,PUNJAB,Medium,4060729700.0
WQS1439,32.097933,75.611474,PUNJAB,Medium,4060729700.0
WQS1441,32.093633,75.609725,PUNJAB,Medium,4060729700.0
WQS1442,31.910587,75.54461,PUNJAB,Medium,4060729700.0
WQS1443,31.385361,75.176625,PUNJAB,Medium,4060729700.0
WQS1444,31.057309,76.540857,PUNJAB,Medium,4060729890.0
WQS1445,31.160771,74.984326,PUNJAB,Medium,4060729890.0
WQS1446,32.373092,75.604553,PUNJAB,Medium,4060746720.0
WQS1447,32.372983,75.61039,PUNJAB,Medium,4060746720.0
WQS1448,31.050097,76.599923,PUNJAB,Medium,4060729890.0
WQS1449,31.370617,76.359056,PUNJAB,Medium,4060729890.0
WQS1450,31.375996,76.364695,PUNJAB,Medium,4060729890.0
WQS1451,31.380831,76.367228,PUNJAB,Medium,4060729890.0
WQS1452,31.213915,76.501458,PUNJAB,Medium,4060729890.0
WQS1453,30.99775,75.371988,PUNJAB,Medium,4060729890.0
WQS1454,31.139816,74.936455,PUNJAB,Medium,4060784370.0
WQS1455,31.003962,76.151872,PUNJAB,Medium,4060729890.0
WQS1456,31.01532,75.715315,PUNJAB,Medium,4060729890.0
WQS1457,30.99008,74.54847,PUNJAB,Medium,4060784370.0
WQS1458,31.182044,76.563547,PUNJAB,Medium,4060729890.0
WQS1459,31.356053,76.372837,PUNJAB,Medium,4060729890.0
WQS1460,31.34787,75.337827,PUNJAB,Low,4060729890.0
WQS1461,31.216777,75.597842,PUNJAB,Low,4060729890.0
WQS1462,30.996657,75.788897,PUNJAB,Medium,4060729890.0
WQS1463,30.993962,75.795903,PUNJAB,Medium,4060729890.0
WQS1464,31.035309,76.52233,INTER-STATE,Medium,4060729890.0
WQS1465,31.207777,75.610449,PUNJAB,Medium,4060729890.0
WQS1466,31.271047,75.690923,PUNJAB,Low,4060729890.0
WQS1467,30.996977,75.786695,PUNJAB,Medium,4060729890.0
WQS1468,30.922369,75.919469,PUNJAB,Medium,4060729890.0
WQS1469,31.379027,76.372115,PUNJAB,Medium,4060729890.0
WQS1470,30.995289,74.552492,PUNJAB,Medium,4060784370.0
WQS1471,31.345205,76.312636,PUNJAB,Medium,4060729890.0
WQS1472,30.984964,76.4672,PUNJAB,Medium,4060729890.0
WQS1473,30.975026,75.608293,PUNJAB,Medium,4060729890.0
WQS1474,25.905847,75.463861,RAJASTHAN,Medium,4060895960.0
WQS1475,24.692006,72.929236,RAJASTHAN,Medium,4060032880.0
WQS1476,26.919491,75.930328,RAJASTHAN,Medium,4060895960.0
WQS1477,25.243263,75.033557,RAJASTHAN,Medium,4060895960.0
WQS1478,24.894962,74.632311,RAJASTHAN,Medium,4060895960.0
WQS1479,24.944671,74.665024,RAJASTHAN,Medium,4060895960.0
WQS1480,24.904159,74.623617,RAJASTHAN,Medium,4060895960.0
WQS1482,25.288107,75.938471,RAJASTHAN,Medium,4060908080.0
WQS1483,25.262219,76.010497,RAJASTHAN,Medium,4060908080.0
WQS1484,25.141518,75.794083,RAJASTHAN,Medium,4060908080.0
WQS1486,25.268768,75.906611,RAJASTHAN,Medium,4060908080.0
WQS1488,26.659451,77.905391,RAJASTHAN,Medium,4060876840.0
WQS1489,24.600889,76.152494,RAJASTHAN,Medium,4060908090.0
WQS1490,24.702173,74.72982,RAJASTHAN,Medium,4060895960.0
WQS1491,24.889431,74.629954,RAJASTHAN,Medium,4060895960.0
WQS1494,25.160724,76.22887,RAJASTHAN,Medium,4060908090.0
WQS1495,25.393522,76.327061,RAJASTHAN,Medium,4060908090.0
WQS1499,25.348996,74.770626,RAJASTHAN,Medium,4060895960.0
WQS1500,25.365018,74.662813,RAJASTHAN,Medium,4060895960.0
WQS1501,23.648483,74.126708,RAJASTHAN,Medium,4060971120.0
WQS1502,23.550318,74.4438,RAJASTHAN,Medium,4060971120.0
WQS1503,23.614456,74.53088,RAJASTHAN,Medium,4060965550.0
WQS1504,25.681506,76.485765,RAJASTHAN,Medium,4060898640.0
WQS1505,24.40008,75.887785,RAJASTHAN,Medium,4060908090.0
WQS1506,24.6087,76.170272,RAJASTHAN,Medium,4060908090.0
WQS1507,27.292886,88.590303,SIKKIM,Medium,4060956230.0
WQS1508,27.402553,88.519402,SIKKIM,Medium,4060956230.0
WQS1509,27.309928,88.583236,SIKKIM,Medium,4060956230.0
WQS1510,27.38805,88.622663,SIKKIM,Medium,4060956230.0
WQS1511,27.294106,88.291658,SIKKIM,Medium,4060956230.0
WQS1512,27.120904,88.318186,SIKKIM,Medium,4060956230.0
WQS1513,27.08115,88.42902,SIKKIM,Medium,4060956230.0
WQS1514,27.280047,88.2753,SIKKIM,Medium,4060956230.0
WQS1515,27.0861,88.41693,SIKKIM,Medium,4060956230.0
WQS1516,27.221878,88.307144,SIKKIM,Medium,4060956230.0
WQS1517,27.080686,88.430872,SIKKIM,Medium,4060956230.0
WQS1518,27.29467,88.29262,SIKKIM,Medium,4060956230.0
WQS1519,27.18353,88.54878,SIKKIM,Medium,4060956230.0
WQS1520,27.17887,88.53642,SIKKIM,Medium,4060956230.0
WQS1521,27.19546,88.60837,SIKKIM,Medium,4060956230.0
WQS1522,27.20911,88.66479,SIKKIM,Medium,4060956230.0
WQS1523,27.19715,88.61195,SIKKIM,Medium,4060956230.0
WQS1524,27.23831,88.71009,SIKKIM,Medium,4060956230.0
WQS1525,27.19496,88.61674,SIKKIM,Medium,4060956230.0
WQS1526,27.136739,88.396831,SIKKIM,Medium,4060956230.0
WQS1527,27.20321,88.7112,SIKKIM,Medium,4060956230.0
WQS1528,27.20378,88.71213,SIKKIM,Medium,4060956230.0
WQS1529,27.601903,88.646449,SIKKIM,Medium,4060956230.0
WQS1530,27.136928,88.392222,SIKKIM,Medium,4060956230.0
WQS1531,27.531575,88.515094,SIKKIM,Medium,4060956230.0
WQS1532,27.21057,88.4894,SIKKIM,Medium,4060956230.0
WQS1533,27.20462,88.48456,SIKKIM,Medium,4060956230.0
WQS1534,27.532972,88.512217,SIKKIM,Medium,4060956230.0
WQS1535,10.541244,77.368656,TAMIL NADU,Medium,4061148830.0
WQS1536,11.445663,77.677626,TAMIL NADU,Medium,4061145720.0
WQS1537,11.326822,79.702981,TAMIL NADU,Medium,4060028760.0
WQS1538,11.335795,77.753762,TAMIL NADU,Medium,4061148790.0
WQS1539,11.423503,77.685261,TAMIL NADU,Medium,4061148790.0
WQS1541,11.104894,79.651871,TAMIL NADU,Medium,4060028770.0
WQS1542,11.796255,77.806971,TAMIL NADU,Medium,4061145690.0
WQS1543,11.064392,78.120358,TAMIL NADU,Medium,4061148790.0
WQS1544,10.955345,78.443949,TAMIL NADU,Medium,4060028760.0
WQS1546,10.906389,78.489697,TAMIL NADU,Medium,4060028760.0
WQS1547,11.418828,79.772375,TAMIL NADU,Medium,4060028680.0
WQS1550,10.766809,78.665272,TAMIL NADU,Medium,4060028760.0
WQS1551,10.833263,78.718224,TAMIL NADU,Medium,4060028760.0
WQS1552,10.830327,78.81177,TAMIL NADU,Medium,4060028760.0
WQS1553,11.354178,77.750436,TAMIL NADU,Medium,4061148790.0
WQS1554,11.361583,77.742411,TAMIL NADU,Medium,4061148790.0
WQS1555,11.18,78.01,TAMIL NADU,Medium,4061148790.0
WQS1558,13.025906,80.243554,TAMIL NADU,Medium,4060028210.0
WQS1561,13.023184,80.247552,TAMIL NADU,Medium,4060028210.0
WQS1562,11.454094,77.679567,TAMIL NADU,Medium,4061145720.0
WQS1570,11.369068,77.727294,TAMIL NADU,Medium,4061148790.0
WQS1572,11.427111,77.686922,TAMIL NADU,Medium,4061148790.0
WQS1573,11.105488,79.647969,TAMIL NADU,Medium,4060028770.0
WQS1575,11.050024,78.120645,TAMIL NADU,Medium,4061148790.0
WQS1576,13.068081,80.231405,TAMIL NADU,Medium,4060028210.0
WQS1577,13.07865,80.207011,TAMIL NADU,Medium,4060028210.0
WQS1578,13.074866,80.221849,TAMIL NADU,Medium,4060028210.0
WQS1579,13.070824,80.249921,TAMIL NADU,Medium,4060028210.0
WQS1580,13.069423,80.284355,TAMIL NADU,Medium,4060028210.0
WQS1583,10.951185,78.035374,TAMIL NADU,Medium,4061148830.0
WQS1585,11.447221,77.691963,TAMIL NADU,Medium,4061145690.0
WQS1586,11.649094,78.148011,TAMIL NADU,Medium,4061148790.0
WQS1587,11.645876,78.120341,TAMIL NADU,Medium,4061148790.0
WQS1588,9.92812,78.125036,TAMIL NADU,Medium,4060029250.0
WQS1589,9.927433,78.121013,TAMIL NADU,Medium,4060029250.0
WQS1592,11.647853,78.138125,TAMIL NADU,Medium,4061148790.0
WQS1655,23.940232,91.99949,TRIPURA,Medium,4060949690.0
WQS1656,24.32383,92.009755,TRIPURA,Medium,4060949690.0
WQS1657,24.158618,92.028423,TRIPURA,Medium,4060949690.0
WQS1658,23.066944,91.65281,TRIPURA,Medium,4060025270.0
WQS1659,23.99611,91.98954,TRIPURA,Medium,4060949690.0
WQS1660,25.502474,81.855439,UTTAR PRADESH,Medium,4060911460.0
WQS1661,25.419206,81.900522,UTTAR PRADESH,Medium,4060915590.0
WQS1662,26.610906,80.275419,UTTAR PRADESH,Medium,4060911460.0
WQS1663,26.074386,81.024075,UTTAR PRADESH,Medium,4060911460.0
WQS1664,28.76062,78.143766,UTTAR PRADESH,Medium,4060854010.0
WQS1665,27.927803,78.866289,UTTAR PRADESH,Medium,4060854010.0
WQS1666,25.443124,81.887148,UTTAR PRADESH,Medium,4060911460.0
WQS1667,25.774293,81.382673,UTTAR PRADESH,Medium,4060911460.0
WQS1668,27.010953,79.986442,UTTAR PRADESH,Medium,4060911460.0
WQS1669,27.138451,79.930775,UTTAR PRADESH,Medium,4060911460.0
WQS1670,26.436185,80.40961,UTTAR PRADESH,Medium,4060911460.0
WQS1671,26.505542,80.314344,UTTAR PRADESH,Medium,4060911460.0
WQS1672,28.1897,78.395878,UTTAR PRADESH,Medium,4060854010.0
WQS1674,28.274208,78.324338,UTTAR PRADESH,Medium,4060854010.0
WQS1675,25.177058,82.602225,UTTAR PRADESH,Medium,4060909110.0
WQS1676,28.364396,78.270269,UTTAR PRADESH,Medium,4060854010.0
WQS1677,25.244031,82.418272,UTTAR PRADESH,Medium,4060909110.0
WQS1678,26.169467,83.868992,UTTAR PRADESH,Medium,4060901850.0
WQS1679,26.833275,80.995211,UTTAR PRADESH,Medium,4060909020.0
WQS1680,26.862031,80.931322,UTTAR PRADESH,Medium,4060909020.0
WQS1681,27.572878,80.67895,UTTAR PRADESH,Medium,4060909020.0
WQS1682,25.507856,83.158181,UTTAR PRADESH,Medium,4060909020.0
WQS1684,28.673761,77.402644,UTTAR PRADESH,Medium,4060816250.0
WQS1685,27.161314,79.919914,UTTAR PRADESH,Medium,4060856670.0
WQS1686,27.190822,79.818261,UTTAR PRADESH,Medium,4060855780.0
WQS1687,26.754692,83.334211,UTTAR PRADESH,Medium,4060883570.0
WQS1688,24.261214,83.009353,UTTAR PRADESH,Medium,4060903120.0
WQS1689,24.339814,83.003589,UTTAR PRADESH,Medium,4060903120.0
WQS1690,28.731344,77.148188,UTTAR PRADESH,Low,4060816480.0
WQS1691,29.491551,77.990514,UTTAR PRADESH,Medium,4060854010.0
WQS1692,25.94085,80.153822,UTTAR PRADESH,Medium,4060895600.0
WQS1693,25.193044,78.539141,UTTAR PRADESH,Medium,4060895600.0
WQS1694,26.699063,78.935488,UTTAR PRADESH,Medium,4060876840.0
WQS1695,25.345102,82.479827,UTTAR PRADESH,Medium,4060909110.0
WQS1696,26.46353,80.21007,UTTAR PRADESH,Medium,4060911460.0
WQS1697,25.259363,82.096478,UTTAR PRADESH,Medium,4060909110.0
WQS1698,25.51411,83.850678,UTTAR PRADESH,Medium,4060908790.0
WQS1699,25.580128,83.589787,UTTAR PRADESH,Medium,4060908790.0
WQS1700,26.434322,80.408587,UTTAR PRADESH,Medium,4060911460.0
WQS1701,29.373472,78.040972,INTER-STATE,High,4060854010.0
WQS1702,25.129278,82.877278,UTTAR PRADESH,Medium,4060909110.0
WQS1703,26.474194,80.376139,UTTAR PRADESH,Medium,4060911460.0
WQS1704,25.25658,83.02784,UTTAR PRADESH,Medium,4060909110.0
WQS1705,28.802444,78.128722,UTTAR PRADESH,Medium,4060854010.0
WQS1706,27.398639,79.627389,UTTAR PRADESH,Medium,4060854010.0
WQS1707,29.373468,78.040547,UTTAR PRADESH,Medium,4060854010.0
WQS1709,25.578175,83.609594,INTER-STATE,Medium,4060908790.0
WQS1710,25.321486,83.035285,UTTAR PRADESH,Medium,4060909110.0
WQS1711,25.289358,83.006389,UTTAR PRADESH,Medium,4060909110.0
WQS1712,25.94777,83.57536,UTTAR PRADESH,Low,4060903560.0
WQS1713,26.49653,80.32371,UTTAR PRADESH,Medium,4060911460.0
WQS1714,28.82432,78.15491,UTTAR PRADESH,Medium,4060854010.0
WQS1715,25.42065,83.18348,UTTAR PRADESH,Medium,4060909110.0
WQS1716,26.88033,80.09931,UTTAR PRADESH,Medium,4060911460.0
WQS1717,25.41057,83.55134,UTTAR PRADESH,Medium,4060908790.0
WQS1718,26.278524,83.513885,UTTAR PRADESH,Medium,4060883690.0
WQS1719,27.157858,80.814725,UTTAR PRADESH,Medium,4060909020.0
WQS1720,27.20118,80.765942,UTTAR PRADESH,Medium,4060909020.0
WQS1721,26.736951,81.23135,UTTAR PRADESH,Medium,4060909020.0
WQS1722,26.748711,81.200905,UTTAR PRADESH,Medium,4060909020.0
WQS1723,26.642458,81.607771,UTTAR PRADESH,Medium,4060909020.0
WQS1724,26.692102,81.540094,UTTAR PRADESH,Medium,4060909020.0
WQS1725,25.751611,82.726469,UTTAR PRADESH,Medium,4060909020.0
WQS1726,25.748703,82.68484,UTTAR PRADESH,Medium,4060909020.0
WQS1727,27.807317,80.43667,UTTAR PRADESH,Medium,4060909020.0
WQS1728,27.820752,80.430492,UTTAR PRADESH,Medium,4060909020.0
WQS1729,27.264416,80.536883,UTTAR PRADESH,Medium,4060909020.0
WQS1730,27.350312,80.460211,UTTAR PRADESH,Medium,4060909020.0
WQS1731,25.736173,82.739971,UTTAR PRADESH,Medium,4060909020.0
WQS1732,25.769442,82.66231,UTTAR PRADESH,Medium,4060909020.0
WQS1733,26.264406,82.142486,UTTAR PRADESH,Medium,4060909020.0
WQS1734,26.289367,82.066786,UTTAR PRADESH,Medium,4060909020.0
WQS1735,28.635922,77.394341,UTTAR PRADESH,Medium,4060816250.0
WQS1736,29.092361,77.423293,UTTAR PRADESH,Medium,4060816250.0
WQS1737,29.128032,77.447746,UTTAR PRADESH,Medium,4060816250.0
WQS1738,28.733891,77.385236,UTTAR PRADESH,Medium,4060816250.0
WQS1739,28.615167,77.404766,UTTAR PRADESH,Medium,4060816250.0
WQS1741,28.664419,77.399531,UTTAR PRADESH,Medium,4060816250.0
WQS1742,28.685329,77.392467,UTTAR PRADESH,Medium,4060816250.0
WQS1743,28.500649,77.449952,UTTAR PRADESH,Medium,4060816250.0
WQS1744,28.572133,77.422989,UTTAR PRADESH,Medium,4060816250.0
WQS1745,29.910025,77.600275,UTTAR PRADESH,Medium,4060816250.0
WQS1746,29.186169,77.494114,UTTAR PRADESH,Medium,4060816250.0
WQS1747,28.980857,77.790428,UTTAR PRADESH,Medium,4060854130.0
WQS1748,29.432533,77.675953,UTTAR PRADESH,Medium,4060816250.0
WQS1749,28.591525,77.824856,UTTAR PRADESH,Medium,4060854130.0
WQS1750,29.474581,77.67095,UTTAR PRADESH,Medium,4060816250.0
WQS1752,29.310032,78.63653,UTTAR PRADESH,Medium,4060855780.0
WQS1753,26.73306,83.34811,UTTAR PRADESH,Medium,4060883570.0
WQS1754,25.629922,82.756208,UTTAR PRADESH,Medium,4060909020.0
WQS1755,24.53494,83.020042,UTTAR PRADESH,Medium,4060903120.0
WQS1756,25.386717,82.852628,UTTAR PRADESH,Medium,4060909110.0
WQS1757,25.332956,83.043393,UTTAR PRADESH,Medium,4060909110.0
WQS1758,26.42834,79.244561,INTER-STATE,Medium,4060888130.0
WQS1759,27.17969,78.119555,UTTAR PRADESH,Medium,4060861710.0
WQS1760,26.744994,78.988315,UTTAR PRADESH,Medium,4060876680.0
WQS1761,26.601531,79.119907,UTTAR PRADESH,Medium,4060876680.0
WQS1762,25.956967,80.157122,UTTAR PRADESH,Medium,4060895450.0
WQS1763,29.604121,77.109833,UTTAR PRADESH,Medium,4060806680.0
WQS1764,26.714524,79.014885,UTTAR PRADESH,Medium,4060876680.0
WQS1765,26.649979,80.793854,UTTAR PRADESH,Medium,4060909020.0
WQS1767,29.485839,78.058761,UTTAR PRADESH,Medium,4060854010.0
WQS1768,27.250657,77.861624,UTTAR PRADESH,Medium,4060855310.0
WQS1769,25.422471,81.838806,UTTAR PRADESH,Medium,4060911450.0
WQS1770,28.517811,77.343608,INTER-STATE,Medium,4060816480.0
WQS1771,26.932682,78.54366,UTTAR PRADESH,Medium,4060876680.0
WQS1772,26.752436,79.01967,UTTAR PRADESH,Medium,4060876680.0
WQS1773,26.42602,79.478799,UTTAR PRADESH,Medium,4060888130.0
WQS1774,27.586087,77.696364,UTTAR PRADESH,Medium,4060855310.0
WQS1775,27.443052,77.716133,UTTAR PRADESH,Medium,4060855310.0
WQS1776,27.564981,77.708718,UTTAR PRADESH,Medium,4060855310.0
WQS1778,27.504755,77.686524,UTTAR PRADESH,Medium,4060855310.0
WQS1779,30.285854,78.978295,UTTARAKHAND,Medium,4060760960.0
WQS1780,30.140504,78.597358,UTTARAKHAND,Medium,4060854010.0
WQS1781,30.287506,78.985451,UTTARAKHAND,Medium,4060760960.0
WQS1782,30.144753,78.601484,UTTARAKHAND,Medium,4060760960.0
WQS1783,30.147103,78.598107,UTTARAKHAND,Medium,4060760950.0
WQS1784,29.146732,78.982975,UTTARAKHAND,Medium,4060855780.0
WQS1785,29.206769,78.986242,UTTARAKHAND,Medium,4060855780.0
WQS1786,29.15049,78.893386,UTTARAKHAND,Medium,4060855780.0
WQS1787,29.111195,78.908723,UTTARAKHAND,Medium,4060855780.0
WQS1788,30.115135,78.307032,UTTARAKHAND,Medium,4060854010.0
WQS1789,29.209064,79.537174,UTTARAKHAND,Medium,4060855780.0
WQS1790,29.911639,78.138548,UTTARAKHAND,Medium,4060854010.0
WQS1791,29.158694,79.03956,UTTARAKHAND,Medium,4060855780.0
WQS1794,29.515201,78.755946,UTTARAKHAND,Medium,4060855780.0
WQS1795,30.30765,79.09945,UTTARAKHAND,Medium,4060760960.0
WQS1797,30.946033,78.688498,UTTARAKHAND,Medium,4060760950.0
WQS1799,30.019619,78.22939,UTTARAKHAND,Medium,4060854010.0
WQS1800,29.943552,78.166796,UTTARAKHAND,Medium,4060854010.0
WQS1801,29.641083,78.10175,INTER-STATE,High,4060854010.0
WQS1802,30.11621,78.30995,UTTARAKHAND,Medium,4060854010.0
WQS1803,29.945254,78.164675,UTTARAKHAND,Medium,4060854010.0
WQS1804,30.0305,78.245833,UTTARAKHAND,Medium,4060854010.0
WQS1805,29.95801,78.17587,UTTARAKHAND,Medium,4060854010.0
WQS1806,30.12168,78.30988,UTTARAKHAND,Medium,4060854010.0
WQS1807,29.945445,78.165028,UTTARAKHAND,Medium,4060854010.0
WQS1808,28.932,79.388,UTTARAKHAND,Medium,4060855780.0
WQS1809,28.978,79.399,UTTARAKHAND,Medium,4060855780.0
WQS1810,28.883225,79.51601,UTTARAKHAND,Medium,4060855780.0
WQS1811,28.899748,79.525623,UTTARAKHAND,Medium,4060855780.0
WQS1812,29.05287,79.020123,UTTARAKHAND,Low,4060855780.0
WQS1813,30.73746,79.06681,UTTARAKHAND,Medium,4060760960.0
WQS1814,30.290028,78.979932,UTTARAKHAND,Medium,4060760960.0
WQS1815,28.91,79.691,UTTARAKHAND,Medium,4060855780.0
WQS1816,28.957324,79.692169,UTTARAKHAND,Medium,4060855780.0
WQS1817,30.25,78.016667,UTTARAKHAND,Medium,4060854010.0
WQS1818,30.517139,77.818659,UTTARAKHAND,Medium,4060806680.0
WQS1819,30.504457,77.79621,INTER-STATE,Medium,4060806680.0
WQS1820,30.116167,78.310696,UTTARAKHAND,Medium,4060854010.0
WQS1821,29.81393,77.87052,UTTARAKHAND,Medium,4060816250.0
WQS1822,30.932423,78.400244,UTTARAKHAND,Medium,4060806680.0
WQS1823,30.498618,77.803498,UTTARAKHAND,Medium,4060806680.0
WQS1824,30.518822,77.949536,UTTARAKHAND,Medium,4060806680.0
WQS1825,30.976465,78.438614,UTTARAKHAND,Medium,4060806680.0
WQS1827,24.111261,87.794355,WEST BENGAL,Medium,4060026610.0
WQS1829,22.780189,88.3338,WEST BENGAL,Medium,4060026610.0
WQS1832,26.383597,89.195381,WEST BENGAL,Medium,4060956230.0
WQS1833,26.719973,88.377354,WEST BENGAL,Medium,4060921230.0
WQS1834,23.721689,86.801628,WEST BENGAL,Medium,4060963930.0
WQS1837,23.177966,88.558164,WEST BENGAL,Medium,4060026610.0
WQS1838,23.197644,88.573014,WEST BENGAL,Medium,4060026610.0
WQS1839,22.507942,88.775997,WEST BENGAL,Medium,4060026260.0
WQS1840,22.40088,87.341394,WEST BENGAL,Medium,4060994510.0
WQS1841,22.437711,87.880747,WEST BENGAL,Medium,4060026660.0
WQS1842,22.666078,87.744922,WEST BENGAL,Medium,4060993110.0
WQS1843,23.524931,87.244592,WEST BENGAL,Medium,4060993020.0
WQS1844,23.583292,87.104001,WEST BENGAL,Medium,4060993020.0
WQS1845,23.683818,86.829122,WEST BENGAL,Medium,4060993020.0
WQS1846,23.646961,86.897068,WEST BENGAL,Medium,4060993020.0
WQS1847,23.685334,86.823224,WEST BENGAL,Medium,4060993020.0
WQS1848,23.685031,86.823472,WEST BENGAL,Medium,4060993020.0
WQS1849,23.574011,87.117749,WEST BENGAL,Medium,4060993020.0
WQS1850,23.584399,87.103495,WEST BENGAL,Medium,4060993020.0
WQS1851,23.568689,87.141651,WEST BENGAL,Medium,4060993020.0
WQS1852,23.429785,87.364995,WEST BENGAL,Medium,4060993020.0
WQS1853,23.213568,87.076517,WEST BENGAL,Medium,4060993110.0
WQS1854,24.100312,88.244054,WEST BENGAL,Medium,4060026610.0
WQS1855,24.100623,88.243263,WEST BENGAL,High,4060026610.0
WQS1856,24.101003,88.243238,WEST BENGAL,Medium,4060026610.0
WQS1857,22.653061,88.357589,WEST BENGAL,Medium,4060026610.0
WQS1858,22.183389,88.186222,WEST BENGAL,High,4060026260.0
WQS1859,24.80566,87.93557,WEST BENGAL,Medium,4060940160.0
WQS1860,22.549717,88.296125,WEST BENGAL,Medium,4060026610.0
WQS1861,22.558292,88.324394,WEST BENGAL,Medium,4060026610.0
WQS1862,22.774972,88.334278,WEST BENGAL,Medium,4060026610.0
WQS1863,22.066481,88.068869,WEST BENGAL,Medium,4060026670.0
WQS1864,22.761306,88.340319,WEST BENGAL,Medium,4060026610.0
WQS1865,22.453473,88.115051,WEST BENGAL,Medium,4060026610.0
WQS1866,22.138997,87.885217,WEST BENGAL,Medium,4060026670.0
WQS1867,23.413356,88.471892,WEST BENGAL,Medium,4060026610.0
WQS1868,26.570051,88.938831,WEST BENGAL,Medium,4060956230.0
WQS1869,26.444936,89.546458,WEST BENGAL,Medium,4060900670.0
WQS1870,26.537633,88.707053,WEST BENGAL,Medium,4060956230.0
WQS1871,26.739728,88.422452,WEST BENGAL,Medium,4060921230.0
WQS1872,26.806806,88.409255,WEST BENGAL,Medium,4060921230.0
WQS1873,23.324276,88.584259,WEST BENGAL,Medium,4060026610.0
WQS1875,23.386728,88.364884,WEST BENGAL,Medium,4060026610.0
WQS1876,26.442694,89.656108,WEST BENGAL,Medium,4060900670.0
WQS1877,21.86677,87.859839,WEST BENGAL,Medium,4060026670.0
WQS1878,22.21835,88.024305,WEST BENGAL,Medium,4060026620.0
WQS1879,26.286842,89.458577,WEST BENGAL,Medium,4060900670.0
WQS1882,26.518045,88.760568,WEST BENGAL,Medium,4060956230.0
WQS1883,26.902782,88.47309,WEST BENGAL,Medium,4060956230.0
WQS1884,26.728854,89.324331,WEST BENGAL,Medium,4060900670.0
WQS1885,26.355748,89.369404,WEST BENGAL,Medium,4060900670.0
WQS1886,22.984402,88.40197,WEST BENGAL,Medium,4060026610.0
WQS1887,22.602794,88.677553,WEST BENGAL,Medium,4060026260.0
WQS1888,23.206144,87.850831,WEST BENGAL,Medium,4060993020.0
WQS1889,23.944125,87.5379,WEST BENGAL,Medium,4060026610.0
WQS1890,24.11604,87.797555,WEST BENGAL,Medium,4060026610.0
WQS1891,15.691848,76.895721,,Medium,4061103960.0
