"station_uid","selected","ps","w"
"WQS0001",FALSE,0.00366743557455579,3.32990131266268
"WQS0002",FALSE,0.0404119310709933,3.32990131266268
"WQS0003",FALSE,0.0265874303026285,3.32990131266268
"WQS0004",FALSE,0.0140745072482986,3.32990131266268
"WQS0005",FALSE,0.0323864091515779,3.32990131266268
"WQS0006",FALSE,0.0326366597943533,3.32990131266268
"WQS0007",FALSE,0.0337680020077963,3.32990131266268
"WQS0008",FALSE,0.0332082224708965,3.32990131266268
"WQS0009",FALSE,0.0342335244796046,3.32990131266268
"WQS0010",FALSE,0.0080203729416225,3.32990131266268
"WQS0011",FALSE,0.016469079546438,3.32990131266268
"WQS0012",FALSE,0.010692028410036,3.32990131266268
"WQS0013",FALSE,0.0108340194028347,3.32990131266268
"WQS0014",FALSE,0.00650308897655081,3.32990131266268
"WQS0015",FALSE,0.0127095980346352,3.32990131266268
"WQS0016",FALSE,0.0115593360833403,3.32990131266268
"WQS0017",FALSE,0.0449261468830884,3.32990131266268
"WQS0018",FALSE,0.0170542404676811,3.32990131266268
"WQS0019",FALSE,0.0411636647814591,3.32990131266268
"WQS0020",FALSE,0.0512443439187906,3.32990131266268
"WQS0021",FALSE,0.0230850941957503,3.32990131266268
"WQS0022",FALSE,0.0417481015189262,3.32990131266268
"WQS0023",FALSE,0.0161511064725287,3.32990131266268
"WQS0024",FALSE,0.0165849032194689,3.32990131266268
"WQS0025",FALSE,0.0441933542193914,3.32990131266268
"WQS0026",FALSE,0.0276870997807143,3.32990131266268
"WQS0027",FALSE,0.041912546431072,3.32990131266268
"WQS0028",FALSE,0.0460299347805611,3.32990131266268
"WQS0029",FALSE,0.0445568686172368,3.32990131266268
"WQS0030",FALSE,0.0298580827274928,3.32990131266268
"WQS0031",FALSE,0.0461691400534304,3.32990131266268
"WQS0032",FALSE,0.0456326943298346,3.32990131266268
"WQS0033",FALSE,0.0190126380043568,3.32990131266268
"WQS0034",FALSE,0.019457868072654,3.32990131266268
"WQS0035",FALSE,0.0260890689825079,3.32990131266268
"WQS0036",TRUE,0.0276455580167867,3.32990131266268
"WQS0037",FALSE,0.00203589903009865,3.32990131266268
"WQS0038",FALSE,0.59513338508462,1.10525243297554
"WQS0039",TRUE,0.728524964167833,0.90288274824061
"WQS0040",TRUE,0.721608434043353,0.911536770882901
"WQS0041",FALSE,0.733059337973298,0.897297923560049
"WQS0042",FALSE,0.239385851438402,2.74775062042044
"WQS0043",FALSE,0.485304318707502,1.35538176037991
"WQS0044",TRUE,0.686185266089043,0.958593333778154
"WQS0046",TRUE,0.647140247945316,1.01642978303109
"WQS0047",TRUE,0.609593430856199,1.07903495758784
"WQS0048",TRUE,0.679680670937665,0.967767144094746
"WQS0049",TRUE,0.606277817862298,1.08493598550086
"WQS0050",FALSE,0.371802872862362,1.76914346235632
"WQS0051",FALSE,0.420947187453473,1.56260129872574
"WQS0052",TRUE,0.623543772969944,1.05489405928435
"WQS0053",TRUE,0.663804053261096,0.990913837567396
"WQS0054",TRUE,0.67794782906407,0.970240767225145
"WQS0055",FALSE,0.510060559283535,1.28959710731937
"WQS0056",TRUE,0.604206164121309,1.08865592718064
"WQS0057",FALSE,0.87579965907038,0.751053754129043
"WQS0058",FALSE,0.221019505748127,2.97608403196476
"WQS0059",TRUE,0.87242060494318,0.753962730915308
"WQS0060",TRUE,0.867890584104438,0.757898096669051
"WQS0061",TRUE,0.816984293350606,0.805122726548507
"WQS0062",TRUE,0.870368230441053,0.755740615068663
"WQS0063",TRUE,0.870627511854633,0.755515548099945
"WQS0064",TRUE,0.874381053676203,0.752272271962252
"WQS0065",FALSE,0.287636622339701,2.28681805696116
"WQS0066",TRUE,0.868841452494181,0.757068645748288
"WQS0067",TRUE,0.849158885817474,0.774616662200403
"WQS0068",TRUE,0.86208296671608,0.763003849055722
"WQS0069",FALSE,0.335749997574649,1.95911430100159
"WQS0070",TRUE,0.876497621734263,0.750455683505743
"WQS0071",TRUE,0.613422343636667,1.07229974361571
"WQS0073",FALSE,0.50763791917629,1.29575155236053
"WQS0074",TRUE,0.607338472380474,1.08304125577883
"WQS0075",TRUE,0.813861411336978,0.808212077200199
"WQS0076",TRUE,0.806999871469949,0.815083923881689
"WQS0077",FALSE,0.503534689991853,1.30631043875127
"WQS0078",FALSE,0.512316618299741,1.28391818323743
"WQS0079",FALSE,0.496628982496846,1.32447489975864
"WQS0080",TRUE,0.722989871496377,0.909795071469464
"WQS0081",TRUE,0.72756981274918,0.904068049943275
"WQS0082",TRUE,0.710964320478167,0.925183729849273
"WQS0083",TRUE,0.732311280278974,0.898214515498336
"WQS0084",TRUE,0.713836385738546,0.921461324963428
"WQS0085",FALSE,0.523124131843465,1.25739300057098
"WQS0086",TRUE,0.791294187625946,0.831261788720078
"WQS0087",TRUE,0.78260858019832,0.840487362971487
"WQS0088",TRUE,0.871779985072992,0.754516773810391
"WQS0089",TRUE,0.874593816540905,0.752089266319413
"WQS0090",TRUE,0.869913181810463,0.756135940417397
"WQS0091",TRUE,0.501287497662301,1.31216642121975
"WQS0092",TRUE,0.502220735850453,1.30972812322431
"WQS0093",TRUE,0.871779985072992,0.754516773810391
"WQS0094",TRUE,0.808775019086652,0.813294929104717
"WQS0095",TRUE,0.87232707206658,0.754043572500225
"WQS0096",TRUE,0.870907815631249,0.755272383602368
"WQS0097",TRUE,0.816234409244174,0.805862402221976
"WQS0098",TRUE,0.731472396454423,0.899244626315478
"WQS0099",TRUE,0.741831792127688,0.886687020952757
"WQS0100",TRUE,0.845252781474626,0.778196341054562
"WQS0101",TRUE,0.808530784745769,0.813540602559212
"WQS0102",TRUE,0.799923964297551,0.822293931883094
"WQS0103",TRUE,0.878391437082586,0.748837698138787
"WQS0104",TRUE,0.874840412160601,0.751877271175937
"WQS0105",TRUE,0.819682578041436,0.802472370928559
"WQS0106",TRUE,0.808574553326124,0.81349656516391
"WQS0107",TRUE,0.868092324168085,0.757721965160912
"WQS0108",TRUE,0.820892499242419,0.80128959932852
"WQS0109",TRUE,0.737283426578994,0.892157070262408
"WQS0110",TRUE,0.797917194238194,0.824362009691681
"WQS0111",TRUE,0.815876760802939,0.806215660760337
"WQS0112",FALSE,0.507107424285102,1.29710706313765
"WQS0113",TRUE,0.720318844395025,0.913168698733947
"WQS0114",TRUE,0.710189187224674,0.926193518068381
"WQS0115",FALSE,0.521393148774336,1.26156744359991
"WQS0116",FALSE,0.511954887463986,1.28482535847657
"WQS0118",FALSE,0.500396378064248,1.31450316318095
"WQS0119",TRUE,0.715619287273854,0.919165586376975
"WQS0120",TRUE,0.713626151464985,0.921732787481822
"WQS0121",TRUE,0.724355727886684,0.908079547778001
"WQS0122",FALSE,0.481204016730138,1.36693086287895
"WQS0123",TRUE,0.724392879982073,0.908032974904479
"WQS0124",TRUE,0.725154476149847,0.907079309917714
"WQS0125",TRUE,0.727449152029786,0.904218006130567
"WQS0126",FALSE,0.515197519532798,1.27673872033825
"WQS0127",FALSE,0.502728164842563,1.30840614831225
"WQS0128",TRUE,0.519145398951022,1.2670296667154
"WQS0129",TRUE,0.712894523737057,0.922678741255637
"WQS0130",TRUE,0.800661723964049,0.821536239490923
"WQS0131",FALSE,0.491633939438905,1.33793167851766
"WQS0132",TRUE,0.719179830785488,0.914614945598969
"WQS0133",TRUE,0.621538689468596,1.05829714699197
"WQS0134",TRUE,0.745928561995846,0.881817181057894
"WQS0135",FALSE,0.492567064741689,1.33539708375487
"WQS0136",TRUE,0.735944533815718,0.893780158131391
"WQS0137",FALSE,0.525741076612134,1.25113416293895
"WQS0138",TRUE,0.702365215705734,0.936510816739149
"WQS0139",FALSE,0.531816641614385,1.23684099055834
"WQS0140",FALSE,0.722086158478344,0.910933707960657
"WQS0141",TRUE,0.708990294205469,0.927759698807836
"WQS0142",FALSE,0.508817289297435,1.29274817433579
"WQS0143",TRUE,0.706233346273145,0.931381426947436
"WQS0144",FALSE,0.617312499946752,1.06554236608927
"WQS0145",FALSE,0.536472634849639,1.2261065692458
"WQS0146",FALSE,0.510144981186265,1.28938369692512
"WQS0147",TRUE,0.817406919818973,0.804706451415188
"WQS0148",FALSE,0.494316196991465,1.33067179633829
"WQS0149",TRUE,0.811215559501104,0.810848132910904
"WQS0150",FALSE,0.503718642994809,1.30583338726362
"WQS0167",FALSE,0.701986099885976,0.937016590380617
"WQS0168",FALSE,0.732308473675673,0.898217957943582
"WQS0170",TRUE,0.912107611931466,0.72115681659191
"WQS0171",TRUE,0.912865750679638,0.720557892899396
"WQS0172",TRUE,0.915205008228261,0.718716152005245
"WQS0173",TRUE,0.915085368605298,0.718810118024585
"WQS0174",FALSE,0.918229385587659,0.716348912520128
"WQS0175",TRUE,0.916750561362419,0.717504465808238
"WQS0176",TRUE,0.910137358715751,0.722717967250454
"WQS0177",TRUE,0.845239298616976,0.778208754474652
"WQS0178",TRUE,0.91521255293813,0.718710227146777
"WQS0179",TRUE,0.920080696053179,0.714907534340583
"WQS0180",TRUE,0.918671192301475,0.716004406497039
"WQS0181",FALSE,0.92001572354649,0.714958021884836
"WQS0182",TRUE,0.914555755221343,0.719226376362969
"WQS0183",TRUE,0.916894097112787,0.717392143630337
"WQS0184",TRUE,0.913695167952487,0.719903798204118
"WQS0185",TRUE,0.913565649125151,0.720005861034334
"WQS0186",TRUE,0.751066931792446,0.875784292939045
"WQS0187",TRUE,0.913945830654289,0.719706354302037
"WQS0188",TRUE,0.915679389466307,0.71834381048275
"WQS0189",FALSE,0.733185787944846,0.897143169746256
"WQS0190",TRUE,0.913608358094312,0.719972202511136
"WQS0191",TRUE,0.915122850823476,0.718780676515559
"WQS0192",TRUE,0.918030701635691,0.716503947676005
"WQS0193",TRUE,0.915690346826674,0.718335214616226
"WQS0194",FALSE,0.725541839354166,0.90659502475454
"WQS0195",TRUE,0.9152641989587,0.71866967216471
"WQS0196",TRUE,0.872639336626988,0.753773746152944
"WQS0197",TRUE,0.877486493796516,0.749609967173213
"WQS0198",TRUE,0.873511921094812,0.753020772727782
"WQS0199",TRUE,0.914761640436047,0.719064500230026
"WQS0200",FALSE,0.916987476063004,0.717319089933297
"WQS0201",FALSE,0.882837473886698,0.745066494418159
"WQS0202",FALSE,0.918334363588457,0.716267024180007
"WQS0203",FALSE,0.878274411686067,0.748937476781301
"WQS0204",TRUE,0.865871917073834,0.759665036871331
"WQS0205",TRUE,0.908688972719436,0.723869928608495
"WQS0206",TRUE,0.845622125754094,0.777856446486861
"WQS0207",TRUE,0.909144047680364,0.72350759320046
"WQS0208",TRUE,0.90967136300526,0.72308819268167
"WQS0209",TRUE,0.906719875180916,0.725441936164133
"WQS0210",TRUE,0.919075679986085,0.715689291027377
"WQS0211",TRUE,0.915284246195768,0.718653931326439
"WQS0213",TRUE,0.904267429954561,0.727409392421441
"WQS0214",TRUE,0.737770035820189,0.8915686323293
"WQS0215",FALSE,0.700132336921823,0.939497559420958
"WQS0217",TRUE,0.916370640533365,0.717801938118504
"WQS0218",TRUE,0.915836115210358,0.718220881318555
"WQS0219",TRUE,0.855417607732061,0.768949125975644
"WQS0220",TRUE,0.916016360732406,0.718079556225196
"WQS0221",TRUE,0.85556378111871,0.76881775073468
"WQS0222",TRUE,0.813415855914976,0.808654782208352
"WQS0223",TRUE,0.914776991956794,0.719052433099249
"WQS0224",TRUE,0.915148957854483,0.718760171406256
"WQS0225",TRUE,0.904023172598565,0.727605930630089
"WQS0226",TRUE,0.914347053079994,0.719390541692048
"WQS0227",FALSE,0.696707154250561,0.944116359070983
"WQS0228",TRUE,0.907655805289395,0.724693896052394
"WQS0229",TRUE,0.887422662445654,0.7412168402337
"WQS0230",TRUE,0.903232438691339,0.728242912491903
"WQS0231",TRUE,0.732711180428492,0.89772428670336
"WQS0232",FALSE,0.914667822980716,0.719138254657519
"WQS0233",FALSE,0.72660277540809,0.905271276235234
"WQS0234",TRUE,0.873540403367347,0.752996220065089
"WQS0235",TRUE,0.912011817442388,0.7212325643481
"WQS0236",TRUE,0.914311898078858,0.719418202029143
"WQS0237",TRUE,0.90463710821222,0.727112137937455
"WQS0238",TRUE,0.871534992133148,0.7547288723311
"WQS0239",TRUE,0.878421501430206,0.748812068851672
"WQS0240",TRUE,0.913994023993442,0.719668405418879
"WQS0241",TRUE,0.922917869299093,0.712709812747789
"WQS0242",TRUE,0.913605240313375,0.71997465949749
"WQS0243",TRUE,0.878524202552375,0.748724531320502
"WQS0244",TRUE,0.880153760603,0.74733830752379
"WQS0245",TRUE,0.90725127937498,0.725017023137068
"WQS0246",TRUE,0.906769458175906,0.725402268326225
"WQS0247",TRUE,0.907037903348474,0.725187579682693
"WQS0248",TRUE,0.88210254637998,0.745687249752477
"WQS0249",TRUE,0.878634491891959,0.74863054874316
"WQS0250",TRUE,0.719726277701182,0.913920530886661
"WQS0251",TRUE,0.876455127843048,0.750492068462786
"WQS0252",TRUE,0.915751141105387,0.71828752625496
"WQS0253",TRUE,0.797751866945677,0.824532851710062
"WQS0254",TRUE,0.877191648698106,0.749861929016294
"WQS0255",TRUE,0.91458111344174,0.719206434664306
"WQS0256",TRUE,0.908546334351785,0.723983573472939
"WQS0257",TRUE,0.91705216571748,0.717268489623073
"WQS0258",TRUE,0.915706171254349,0.718322800979617
"WQS0259",TRUE,0.869069452783629,0.756870028860063
"WQS0260",TRUE,0.914561579972566,0.719221795682119
"WQS0261",TRUE,0.915416455167666,0.718550139771377
"WQS0262",TRUE,0.718435333025242,0.915562739710958
"WQS0263",TRUE,0.906721153035924,0.725440913788502
"WQS0264",TRUE,0.908117526399274,0.724325434415788
"WQS0265",TRUE,0.840705440361611,0.782405573023078
"WQS0266",TRUE,0.908769027154909,0.72380616213235
"WQS0267",TRUE,0.91150282269233,0.721635309769929
"WQS0268",TRUE,0.867580068054586,0.758169356385397
"WQS0269",TRUE,0.864646987751997,0.76074124021399
"WQS0270",TRUE,0.726347691401886,0.90558919591279
"WQS0271",TRUE,0.91747118131662,0.716940908013924
"WQS0273",FALSE,2.84091695502057e-08,3.32990131266268
"WQS0275",FALSE,3.45510775737531e-08,3.32990131266268
"WQS0276",FALSE,2.37702959668262e-08,3.32990131266268
"WQS0277",FALSE,5.0753724921106e-09,3.32990131266268
"WQS0278",FALSE,2.09793673922493e-08,3.32990131266268
"WQS0279",FALSE,1.59695760220815e-08,3.32990131266268
"WQS0280",FALSE,2.55581549468798e-08,3.32990131266268
"WQS0281",FALSE,2.44340332486379e-08,3.32990131266268
"WQS0282",FALSE,2.50912730914233e-08,3.32990131266268
"WQS0283",FALSE,2.5208177733214e-08,3.32990131266268
"WQS0284",FALSE,2.10818744858247e-08,3.32990131266268
"WQS0285",FALSE,2.42339170103266e-08,3.32990131266268
"WQS0286",FALSE,2.39838008620712e-08,3.32990131266268
"WQS0287",FALSE,2.36417853098274e-08,3.32990131266268
"WQS0288",FALSE,1.47802647019665e-08,3.32990131266268
"WQS0289",FALSE,1.59174149622279e-08,3.32990131266268
"WQS0290",FALSE,3.44906275256659e-08,3.32990131266268
"WQS0291",FALSE,2.18303692774079e-08,3.32990131266268
"WQS0292",FALSE,3.44301915431337e-08,3.32990131266268
"WQS0293",FALSE,3.73240845649851e-08,3.32990131266268
"WQS0294",FALSE,1.85955506390407e-08,3.32990131266268
"WQS0295",FALSE,4.04739853608105e-08,3.32990131266268
"WQS0296",FALSE,5.68084257378213e-09,3.32990131266268
"WQS0297",FALSE,2.38554013389337e-08,3.32990131266268
"WQS0298",FALSE,2.34810332324596e-08,3.32990131266268
"WQS0299",FALSE,1.60536775000488e-08,3.32990131266268
"WQS0300",FALSE,1.61759316011998e-08,3.32990131266268
"WQS0301",FALSE,2.57901511890151e-08,3.32990131266268
"WQS0302",FALSE,4.61119523322376e-08,3.32990131266268
"WQS0303",FALSE,3.53433870222252e-08,3.32990131266268
"WQS0305",FALSE,0.729630723357923,0.901514424697645
"WQS0306",TRUE,0.724514980648154,0.907879946417807
"WQS0307",TRUE,0.830946908342013,0.791594041937286
"WQS0309",TRUE,0.573209729397791,1.1475252217034
"WQS0310",FALSE,0.775553016181411,0.848133664734383
"WQS0311",TRUE,0.709454075733797,0.927153207386119
"WQS0312",TRUE,0.843925064806173,0.779420649108007
"WQS0313",TRUE,0.812765501532737,0.809301847297035
"WQS0314",TRUE,0.971640697571057,0.676971048510081
"WQS0315",TRUE,0.979087725921149,0.671821946486865
"WQS0316",TRUE,0.982280043319849,0.669638588590933
"WQS0317",TRUE,0.966911658870471,0.680282025534931
"WQS0318",TRUE,0.953727591912349,0.689686056466946
"WQS0319",TRUE,0.968033096862824,0.679493938731472
"WQS0320",TRUE,0.967746274413605,0.67969532841479
"WQS0321",TRUE,0.967996461823631,0.679519655031126
"WQS0322",TRUE,0.96886058945496,0.678913590839504
"WQS0326",TRUE,0.942670587923814,0.697775691992743
"WQS0327",TRUE,0.909040394538092,0.723590091003576
"WQS0328",TRUE,0.96631127094472,0.680704697945487
"WQS0329",TRUE,0.923567821803743,0.712208249660652
"WQS0331",TRUE,0.966246270765973,0.680750489508548
"WQS0332",TRUE,0.966423413460669,0.680625709857674
"WQS0333",FALSE,0.924905412452254,0.71117825991066
"WQS0334",TRUE,0.979436145323513,0.671582956122657
"WQS0335",TRUE,0.966940924110385,0.6802614362557
"WQS0336",TRUE,0.945742040933363,0.69550955053302
"WQS0337",TRUE,0.904743959192291,0.727026265416539
"WQS0338",TRUE,0.966343518504197,0.680681982353347
"WQS0339",TRUE,0.966439269887086,0.680614542791287
"WQS0340",TRUE,0.966455457039588,0.680603143185316
"WQS0341",TRUE,0.920234445527504,0.714788090150974
"WQS0342",TRUE,0.913171331171744,0.720316767901285
"WQS0343",TRUE,0.949357134300453,0.692861093095838
"WQS0344",TRUE,0.940588925772174,0.699319972611572
"WQS0345",TRUE,0.962425673088386,0.68345290467884
"WQS0346",TRUE,0.951909805208064,0.691003095262762
"WQS0347",TRUE,0.876179134451221,0.75072847086427
"WQS0348",TRUE,0.944123731789759,0.696701713622659
"WQS0349",TRUE,0.958222491852655,0.686450826819968
"WQS0350",TRUE,0.966369593376159,0.680663615989526
"WQS0351",TRUE,0.957516091576511,0.68695725074108
"WQS0352",TRUE,0.914020922419878,0.719647226529877
"WQS0353",TRUE,0.967021587059568,0.680204693061548
"WQS0354",TRUE,0.967479174027157,0.679882977813103
"WQS0355",TRUE,0.962223593588224,0.683596438699708
"WQS0356",TRUE,0.966130393060846,0.680832138740427
"WQS0357",FALSE,0.968258250515917,0.679335932804356
"WQS0358",TRUE,0.969739002296242,0.678298614629511
"WQS0359",TRUE,0.969833461315075,0.678232550274991
"WQS0360",TRUE,0.98709853230756,0.666369769866902
"WQS0361",TRUE,0.966546098265298,0.680539317255822
"WQS0364",TRUE,0.999999963634901,0.657772645729712
"WQS0365",TRUE,0.999999967125077,0.65777264343397
"WQS0366",TRUE,0.999999977320681,0.657772636727581
"WQS0367",TRUE,0.999999986203049,0.657772632255979
"WQS0368",TRUE,0.999999990748823,0.657772632255979
"WQS0369",TRUE,0.999999989822701,0.657772632255979
"WQS0370",TRUE,0.999999975519399,0.657772637912414
"WQS0371",TRUE,0.999999966931528,0.657772643561281
"WQS0372",TRUE,0.999999969275768,0.657772642019304
"WQS0373",TRUE,0.999999960813111,0.657772647585809
"WQS0374",TRUE,0.999999991349136,0.657772632255979
"WQS0375",TRUE,0.999999965391549,0.657772644574237
"WQS0376",FALSE,0.687064531597603,0.957366581389747
"WQS0377",TRUE,0.899006456913937,0.731666181873391
"WQS0378",TRUE,0.756085926016354,0.869970725781658
"WQS0379",TRUE,0.781971430254319,0.841172191669226
"WQS0380",TRUE,0.90121850454172,0.729870301702504
"WQS0381",TRUE,0.882575318282838,0.745287805112797
"WQS0382",TRUE,0.881814301417165,0.745930997889961
"WQS0383",TRUE,0.642733419774091,1.02339881757034
"WQS0385",TRUE,0.933556720211726,0.704587742307254
"WQS0386",FALSE,0.749978981246964,0.877054741875685
"WQS0387",TRUE,0.897787788183148,0.73265935499176
"WQS0388",TRUE,0.913593364881745,0.71998401815767
"WQS0389",TRUE,0.930633293634677,0.706801085141443
"WQS0390",TRUE,0.916547502963265,0.717663426808887
"WQS0391",TRUE,0.916111968248453,0.718004615819356
"WQS0392",TRUE,0.927857428200312,0.708915617656445
"WQS0393",TRUE,0.922691705425418,0.71288450729756
"WQS0394",FALSE,0.926072551093616,0.710281954726948
"WQS0395",TRUE,0.917832956272491,0.716658317087561
"WQS0396",TRUE,0.861648877883576,0.763388241652909
"WQS0397",TRUE,0.922828530765882,0.712778809801037
"WQS0398",TRUE,0.92346080363367,0.712290786161703
"WQS0399",TRUE,0.673302794715212,0.976934340645302
"WQS0400",TRUE,0.882860659580583,0.74504692747577
"WQS0401",FALSE,0.634646039147476,1.03644012762348
"WQS0402",TRUE,0.901476116197257,0.729661729236334
"WQS0403",TRUE,0.73457596786193,0.895445332528737
"WQS0404",TRUE,0.897049402684098,0.733262426619533
"WQS0405",TRUE,0.910768334883754,0.722217271523498
"WQS0406",TRUE,0.909822981767368,0.722967692607627
"WQS0407",FALSE,0.706692089846491,0.93077682807038
"WQS0408",FALSE,0.67599165847211,0.973048429763846
"WQS0409",FALSE,0.778058154458147,0.845402902136317
"WQS0410",FALSE,0.553074496308933,1.18930203109986
"WQS0411",TRUE,0.886577798332874,0.741923182654274
"WQS0412",TRUE,0.884649808300094,0.743540116821698
"WQS0413",TRUE,0.884907603583095,0.743323505353945
"WQS0414",TRUE,0.887453459075044,0.741191118343619
"WQS0415",TRUE,0.92562839405947,0.710622779110085
"WQS0416",FALSE,0.764183285433268,0.860752432496359
"WQS0417",TRUE,0.912040843961096,0.721209610474203
"WQS0418",TRUE,0.915003894715638,0.71887412240378
"WQS0419",TRUE,0.923756844732368,0.712062514676485
"WQS0420",TRUE,0.92975987095688,0.707465058835876
"WQS0421",TRUE,0.927905015695317,0.708879261005879
"WQS0422",TRUE,0.885187975621141,0.743088067083359
"WQS0423",FALSE,0.898663780301521,0.731945179307269
"WQS0424",FALSE,0.619576317071408,1.06164907160894
"WQS0425",FALSE,0.760118757858233,0.865355071177475
"WQS0426",TRUE,0.896121734073282,0.734021502658872
"WQS0427",TRUE,0.931011064215902,0.706514290851872
"WQS0428",TRUE,0.92256184566444,0.712984852886485
"WQS0429",TRUE,0.927118854473906,0.709480363424383
"WQS0430",TRUE,0.665996287494052,0.987652084795771
"WQS0431",TRUE,0.870088922176898,0.755983216248802
"WQS0432",TRUE,0.817542607071585,0.804572894574716
"WQS0433",TRUE,0.884919238250633,0.743313732347003
"WQS0434",TRUE,0.873068495304347,0.753403227063472
"WQS0435",TRUE,0.922621711059122,0.712938590025869
"WQS0436",TRUE,0.893780207392516,0.735944493253782
"WQS0437",TRUE,0.650827704379469,1.01067090012233
"WQS0438",TRUE,0.87682612420239,0.75017452565991
"WQS0439",TRUE,0.859325314826244,0.765452396736092
"WQS0440",TRUE,0.898971327272831,0.731694773631102
"WQS0441",TRUE,0.751028167789117,0.875829496177355
"WQS0442",TRUE,0.895978942806814,0.734138482930363
"WQS0443",TRUE,0.898198561679847,0.732324287604683
"WQS0444",TRUE,0.744339387367177,0.883699872629836
"WQS0446",TRUE,0.740191828589951,0.888651558154576
"WQS0447",TRUE,0.742936127210495,0.885369007803519
"WQS0448",TRUE,0.904634425981877,0.727114293816321
"WQS0449",TRUE,0.74755412211202,0.879899665259525
"WQS0450",TRUE,0.66988605848084,0.981917168572569
"WQS0451",TRUE,0.909720840283948,0.723048865852558
"WQS0452",TRUE,0.898688492113137,0.731925052543053
"WQS0453",TRUE,0.912927842598253,0.72050888483988
"WQS0454",TRUE,0.773848756116105,0.850001523697036
"WQS0455",TRUE,0.838772094567687,0.784208995589879
"WQS0456",TRUE,0.898518468872507,0.732063551943614
"WQS0457",TRUE,0.913438922020205,0.720105751958745
"WQS0458",TRUE,0.91449467831547,0.719274411767364
"WQS0459",TRUE,0.847407388557817,0.776217709086998
"WQS0466",TRUE,0.605804129639227,1.08578431481058
"WQS0467",TRUE,0.903318316618199,0.728173678877988
"WQS0468",TRUE,0.907871732582262,0.72452153559054
"WQS0469",TRUE,0.809589595870487,0.812476624162264
"WQS0470",TRUE,0.91488066950167,0.718970947509504
"WQS0471",FALSE,0.768642199993804,0.855759183941562
"WQS0472",TRUE,0.892282467750078,0.737179811980776
"WQS0473",TRUE,0.924669610587552,0.711359618914894
"WQS0474",TRUE,0.727273393782789,0.904436526116337
"WQS0475",FALSE,0.726745134052678,0.90509394695454
"WQS0476",TRUE,0.724385244332101,0.908042546361123
"WQS0477",FALSE,0.850777113102618,0.773143296498629
"WQS0478",FALSE,0.838604769333819,0.784365467337223
"WQS0479",TRUE,0.939175077788091,0.700372739190339
"WQS0480",FALSE,0.839447965634353,0.783577599491447
"WQS0481",TRUE,0.930565154650925,0.706852839397892
"WQS0482",TRUE,0.930749207801866,0.706713061151236
"WQS0483",TRUE,0.887504184700242,0.741148755295064
"WQS0484",TRUE,0.931982650585592,0.705777753906091
"WQS0485",TRUE,0.826095355359069,0.79624297309339
"WQS0486",TRUE,0.933219598732302,0.704842271533165
"WQS0487",TRUE,0.932581485857741,0.705324555317286
"WQS0488",FALSE,0.775771837953065,0.847894431880035
"WQS0489",TRUE,0.850834864256856,0.773090818726925
"WQS0490",TRUE,0.755719209125704,0.87039288384733
"WQS0491",TRUE,0.927071418628608,0.709516665698496
"WQS0492",TRUE,0.920317658318317,0.714723460822954
"WQS0493",TRUE,0.934928352298229,0.703554042609593
"WQS0494",TRUE,0.927252022762754,0.709378470644806
"WQS0495",TRUE,0.744646421999141,0.883335503102039
"WQS0496",TRUE,0.921259446951976,0.713992810587736
"WQS0497",TRUE,0.916457369704998,0.71773400875316
"WQS0498",TRUE,0.919329783333913,0.715491474043578
"WQS0499",TRUE,0.747147363611167,0.880378696152456
"WQS0500",TRUE,0.749006299536672,0.878193711076444
"WQS0501",TRUE,0.919873742982948,0.715068374140926
"WQS0502",TRUE,0.930895689474702,0.706601855875948
"WQS0503",TRUE,0.933606261118456,0.704550354045115
"WQS0504",TRUE,0.925887725807032,0.710423740887601
"WQS0505",TRUE,0.927371738098445,0.709286896275805
"WQS0506",TRUE,0.895973979629239,0.734142549632899
"WQS0507",TRUE,0.900910631069382,0.730119724560213
"WQS0508",TRUE,0.764010612685547,0.860946969699323
"WQS0509",TRUE,0.837422106944771,0.785473199662169
"WQS0510",TRUE,0.881411986773197,0.746271473136888
"WQS0511",TRUE,0.874036058064545,0.752569205515741
"WQS0512",TRUE,0.904921019168568,0.726884012943029
"WQS0513",TRUE,0.744925970731578,0.88300401335687
"WQS0514",TRUE,0.767239966752719,0.857323197843452
"WQS0515",TRUE,0.933029807938286,0.704985645917598
"WQS0516",TRUE,0.845304667444911,0.77814857428622
"WQS0517",TRUE,0.938030473040291,0.701227348913101
"WQS0518",TRUE,0.853230067709272,0.770920583677641
"WQS0520",FALSE,0.818505603724681,0.80362629017626
"WQS0521",TRUE,0.774282281914608,0.849525602191537
"WQS0522",TRUE,0.915868496373467,0.718195488123355
"WQS0523",TRUE,0.932860185062598,0.705113834143973
"WQS0524",TRUE,0.941590147011473,0.698576364565262
"WQS0525",TRUE,0.92633022240903,0.710084380167507
"WQS0526",TRUE,0.934458743386105,0.703907611187028
"WQS0527",TRUE,0.930517701115238,0.706888886714778
"WQS0528",TRUE,0.764309553484821,0.860610231562163
"WQS0529",FALSE,0.546345566243048,1.20394977547439
"WQS0530",FALSE,0.667574150061722,0.985317693545996
"WQS0531",TRUE,0.934374374129194,0.703971170466621
"WQS0532",FALSE,0.685604104286325,0.959405898677413
"WQS0533",FALSE,0.792472502316434,0.830025798859954
"WQS0534",TRUE,0.885152370816702,0.743117957423352
"WQS0535",TRUE,0.885383357843743,0.742924085914242
"WQS0536",TRUE,0.877894384142619,0.749261680779685
"WQS0537",TRUE,0.922335393120947,0.713159905513341
"WQS0538",FALSE,0.87315672960842,0.75332709409997
"WQS0541",FALSE,0.739510798380357,0.889469935057565
"WQS0542",TRUE,0.966686309426792,0.680440609735932
"WQS0543",TRUE,0.966156033162284,0.680814070639105
"WQS0544",TRUE,0.917733902841199,0.716735667902598
"WQS0545",TRUE,0.966583035491077,0.680513310970289
"WQS0546",TRUE,0.963767462997354,0.682501378251603
"WQS0547",TRUE,0.963730527120143,0.682527535757663
"WQS0548",TRUE,0.960861738727774,0.684565318086936
"WQS0550",TRUE,0.963768566653005,0.682500596687928
"WQS0551",TRUE,0.939216387274306,0.700341934746968
"WQS0552",TRUE,0.886328084372412,0.742132211996304
"WQS0553",TRUE,0.8813191490517,0.746350085003269
"WQS0554",TRUE,0.893164964523616,0.736451437233186
"WQS0555",TRUE,0.968321130555822,0.679291818647167
"WQS0556",TRUE,0.965461877319678,0.681303568024724
"WQS0557",TRUE,0.942786127409603,0.697690178807615
"WQS0558",TRUE,0.943814554220398,0.696929941235196
"WQS0559",TRUE,0.942906471021792,0.697601132270247
"WQS0560",TRUE,0.9427460805152,0.697719815976619
"WQS0561",TRUE,0.943891601757026,0.696873052568029
"WQS0562",TRUE,0.916681772463111,0.717558308203641
"WQS0563",TRUE,0.944071969886517,0.69673991262426
"WQS0564",TRUE,0.912681489431043,0.720703366318729
"WQS0565",FALSE,0.943643483806234,0.697056285660539
"WQS0566",TRUE,0.944060142417108,0.696748641591444
"WQS0567",TRUE,0.949777831403306,0.692554195372069
"WQS0568",TRUE,0.943408551460287,0.697229870125291
"WQS0569",TRUE,0.943679088810187,0.69702998573284
"WQS0570",TRUE,0.943492041589668,0.697168171870829
"WQS0571",TRUE,0.851645520144588,0.772354936708962
"WQS0572",TRUE,0.940937291849998,0.699061061249345
"WQS0573",TRUE,0.862645386623381,0.76250639255655
"WQS0574",TRUE,0.94316921477953,0.697406797743608
"WQS0575",FALSE,0.729397536311972,0.9018026371951
"WQS0576",TRUE,0.945421888064278,0.695745074356713
"WQS0577",TRUE,0.947627680580703,0.694125588866995
"WQS0578",TRUE,0.87628426705932,0.750638401870585
"WQS0579",TRUE,0.945915402195188,0.695382082037411
"WQS0580",TRUE,0.947131491082625,0.694489231962791
"WQS0581",TRUE,0.947827280660553,0.69397941505897
"WQS0582",TRUE,0.951866421713922,0.691034589312821
"WQS0583",TRUE,0.951118718089081,0.691577832819119
"WQS0584",TRUE,0.948880155711316,0.693209377233371
"WQS0585",TRUE,0.872310651764547,0.754057766552747
"WQS0586",TRUE,0.968257472750135,0.679336478490043
"WQS0587",TRUE,0.920774032287079,0.714369214101234
"WQS0588",TRUE,0.964908198444136,0.681694510286438
"WQS0589",TRUE,0.924534737689533,0.711463393418356
"WQS0590",TRUE,0.967936696458414,0.679561612052183
"WQS0591",TRUE,0.961365290904663,0.684206750579448
"WQS0592",TRUE,0.96458624529158,0.681922041725683
"WQS0593",TRUE,0.948869152003469,0.693217416143106
"WQS0594",TRUE,0.806621623907806,0.815466139654255
"WQS0595",TRUE,0.936559739934715,0.702328526160644
"WQS0596",TRUE,0.68619417041671,0.958580894690922
"WQS0597",TRUE,0.676120866835056,0.972862477812289
"WQS0598",TRUE,0.336627333030379,1.95400835662499
"WQS0599",TRUE,0.341878478963469,1.92399540270574
"WQS0600",TRUE,0.627342045793356,1.04850715207189
"WQS0601",TRUE,0.671303349295651,0.979844093582875
"WQS0602",TRUE,0.250128266093653,2.62974126068368
"WQS0603",TRUE,0.691061349041373,0.951829562921143
"WQS0604",TRUE,0.250128266093653,2.62974126068368
"WQS0605",TRUE,0.341050076137799,1.9286687434838
"WQS0606",TRUE,0.40931351516682,1.60701417724177
"WQS0607",TRUE,0.459815010993172,1.43051576413088
"WQS0608",TRUE,0.677385358762903,0.971046411471047
"WQS0609",TRUE,0.775045587756656,0.848688944496344
"WQS0610",TRUE,0.68112790082239,0.965710876056544
"WQS0611",TRUE,0.421606367361234,1.56015817770172
"WQS0612",TRUE,0.774354046952299,0.849446870457519
"WQS0613",TRUE,0.681769317151344,0.964802324279032
"WQS0614",TRUE,0.773686234784802,0.85018007589692
"WQS0615",TRUE,0.776507279527411,0.84709137847371
"WQS0616",TRUE,0.680135558071651,0.967119883681262
"WQS0617",TRUE,0.196371673108718,3.32990131266268
"WQS0618",TRUE,0.64621639665081,1.01788290303191
"WQS0619",TRUE,0.636085217265155,1.03409512429456
"WQS0620",TRUE,0.638197081063155,1.03067319066076
"WQS0621",TRUE,0.67682420723682,0.971851501138154
"WQS0622",FALSE,0.414967932916163,1.5851167515217
"WQS0623",FALSE,0.413626857648393,1.59025607173916
"WQS0624",TRUE,0.449533893760069,1.46323254139502
"WQS0625",TRUE,0.680619548756796,0.966432161713864
"WQS0626",FALSE,0.679183042334405,0.968476214525217
"WQS0627",TRUE,0.454454847904821,1.44738828255939
"WQS0628",TRUE,0.198674790765684,3.31080062686724
"WQS0629",FALSE,0.1489001920926,3.32990131266268
"WQS0630",FALSE,0.390669923743263,1.68370427778826
"WQS0631",TRUE,0.211972303785298,3.10310644392481
"WQS0632",TRUE,0.775045587756656,0.848688944496344
"WQS0633",TRUE,0.196978656220712,3.32990131266268
"WQS0634",FALSE,0.452323039141718,1.45420985642886
"WQS0635",FALSE,0.568608027813892,1.15681205616928
"WQS0636",FALSE,0.307533229862787,2.13886682132927
"WQS0637",FALSE,0.370783223810782,1.77400858390891
"WQS0638",FALSE,0.418577862391343,1.57144627298701
"WQS0639",FALSE,0.610352658419715,1.07769272851667
"WQS0640",FALSE,0.762708564202033,0.862416724660651
"WQS0641",FALSE,0.565353203255995,1.16347199948897
"WQS0642",FALSE,0.394195301467556,1.66864652967935
"WQS0643",FALSE,0.567229250345197,1.15962394641928
"WQS0644",FALSE,0.564904490350472,1.16439616438817
"WQS0645",FALSE,0.386510361621592,1.70182403144402
"WQS0646",FALSE,0.573148950654426,1.14764690933953
"WQS0647",FALSE,0.564463344474046,1.16530617665287
"WQS0648",FALSE,0.5749200117955,1.14411154302229
"WQS0649",FALSE,0.401332962524406,1.63896984108238
"WQS0650",FALSE,0.640296827059836,1.02729327088837
"WQS0651",FALSE,0.518264552961382,1.26918311902909
"WQS0652",FALSE,0.516569939203712,1.2733466891699
"WQS0653",FALSE,0.618407271129371,1.06365602818428
"WQS0654",FALSE,0.678720729391768,0.969135895406059
"WQS0655",FALSE,0.621907602196623,1.05766936999394
"WQS0656",FALSE,0.767170677490851,0.857400629493675
"WQS0657",FALSE,0.764815386373623,0.860041041967759
"WQS0658",FALSE,0.596484305010958,1.1027492530548
"WQS0659",FALSE,0.342404715587431,1.92103844329733
"WQS0660",FALSE,0.478956212558135,1.37334604826721
"WQS0661",TRUE,0.0546379827892135,3.32990131266268
"WQS0662",TRUE,0.627242572357838,1.04867343320965
"WQS0663",TRUE,0.628338997205775,1.04684354263361
"WQS0664",TRUE,0.618938690092962,1.06274277620446
"WQS0665",TRUE,0.622967761204407,1.05586944104146
"WQS0666",FALSE,0.43603325350955,1.50853774687012
"WQS0667",FALSE,0.52189833356642,1.26034627724296
"WQS0668",TRUE,0.564871500521068,1.16446416787354
"WQS0669",TRUE,0.539278583178294,1.21972695064783
"WQS0670",FALSE,0.116634037552251,3.32990131266268
"WQS0671",FALSE,0.525847504313808,1.25088094250459
"WQS0672",TRUE,0.112369063736014,3.32990131266268
"WQS0673",FALSE,0.596185166527532,1.10330256225751
"WQS0674",TRUE,0.154747319564632,3.32990131266268
"WQS0675",TRUE,0.471370814803654,1.39544622015628
"WQS0676",FALSE,0.611068214367458,1.07643075902849
"WQS0677",TRUE,0.629495577374696,1.04492016378094
"WQS0678",TRUE,0.525137135698456,1.25257304634318
"WQS0679",TRUE,0.621963629428882,1.05757409386421
"WQS0680",FALSE,0.613445391067733,1.0722594568114
"WQS0681",TRUE,0.624858885557119,1.05267387087451
"WQS0682",TRUE,0.621315145855255,1.05867791280753
"WQS0683",FALSE,0.551990224220926,1.19163817210372
"WQS0684",FALSE,0.572325491878802,1.14929813741205
"WQS0686",FALSE,0.487031883553606,1.35057404663189
"WQS0687",FALSE,0.185026048372149,3.32990131266268
"WQS0688",TRUE,0.538510387296536,1.2214669156373
"WQS0689",FALSE,0.539907233472912,1.21830674054628
"WQS0690",FALSE,0.507375886937121,1.29642073804596
"WQS0691",TRUE,0.500951500066196,1.31304651592585
"WQS0692",TRUE,0.541187750244225,1.21542407697312
"WQS0693",TRUE,0.147477324675987,3.32990131266268
"WQS0694",TRUE,0.410721135856766,1.60150662915759
"WQS0695",FALSE,0.217587497521434,3.02302581399443
"WQS0696",TRUE,0.612379921743065,1.07412506265306
"WQS0697",FALSE,0.13753311982882,3.32990131266268
"WQS0698",FALSE,0.567370948403375,1.15933433613541
"WQS0699",TRUE,0.553785632515309,1.18777480524752
"WQS0700",FALSE,0.170162799880453,3.32990131266268
"WQS0701",FALSE,0.169947595120865,3.32990131266268
"WQS0702",FALSE,0.521808065660112,1.26056430534019
"WQS0703",FALSE,0.167684315091449,3.32990131266268
"WQS0704",FALSE,0.403269039649239,1.63110121813931
"WQS0705",TRUE,0.554699134391701,1.18581872771638
"WQS0706",TRUE,0.551528173845702,1.19263648350586
"WQS0707",TRUE,0.533428718840691,1.23310312807922
"WQS0708",TRUE,0.522045987763764,1.25998980401589
"WQS0709",FALSE,0.51610578516923,1.27449185944324
"WQS0710",FALSE,0.167628174544034,3.32990131266268
"WQS0711",TRUE,0.610597653483822,1.07726031709549
"WQS0712",FALSE,0.38413725700211,1.71233747786701
"WQS0713",FALSE,0.41698457309592,1.57745073618931
"WQS0714",FALSE,0.138939710083733,3.32990131266268
"WQS0715",TRUE,0.579167548510266,1.1357207832201
"WQS0716",FALSE,0.134337409594539,3.32990131266268
"WQS0717",FALSE,0.135041574662893,3.32990131266268
"WQS0718",FALSE,0.135362848159158,3.32990131266268
"WQS0719",FALSE,0.53176790646045,1.23695434383772
"WQS0720",FALSE,0.509471760321244,1.29108750089503
"WQS0721",TRUE,0.537191349540329,1.22446614669539
"WQS0722",FALSE,0.536521292063046,1.22599537341838
"WQS0723",TRUE,0.507077999829182,1.29718233098523
"WQS0724",TRUE,0.275775938728185,2.38517045701391
"WQS0725",FALSE,0.189323178516546,3.32990131266268
"WQS0726",TRUE,0.429402740725276,1.53183144732319
"WQS0727",FALSE,0.553408843003235,1.18858350408741
"WQS0728",FALSE,0.578815988731837,1.1364105944117
"WQS0729",FALSE,0.554063377837304,1.18717938799213
"WQS0730",FALSE,0.556518034963495,1.18194304673862
"WQS0731",FALSE,0.225963255564706,2.91097160981285
"WQS0732",FALSE,0.214469019203297,3.06698200165795
"WQS0733",TRUE,0.251628580950108,2.61406164326049
"WQS0734",TRUE,0.579700281732096,1.13467707803138
"WQS0735",FALSE,0.1835931211498,3.32990131266268
"WQS0736",FALSE,0.299958262977215,2.19288048704199
"WQS0737",TRUE,0.633270601934358,1.03869123215343
"WQS0738",TRUE,0.404992683095207,1.62415927315683
"WQS0739",FALSE,0.580686139237234,1.13275068468789
"WQS0740",FALSE,0.580376650155698,1.1333547303002
"WQS0741",FALSE,0.588082718606453,1.11850357270901
"WQS0742",FALSE,0.233008416405609,2.8229564921154
"WQS0743",TRUE,0.344438799933841,1.9096937451184
"WQS0744",FALSE,0.155278909146919,3.32990131266268
"WQS0745",TRUE,0.585588115526123,1.12326839355127
"WQS0746",FALSE,0.553234337612837,1.18895841615324
"WQS0747",TRUE,0.553947377668845,1.18742799104461
"WQS0748",FALSE,0.176341302386715,3.32990131266268
"WQS0749",FALSE,0.161012769758293,3.32990131266268
"WQS0750",TRUE,0.537896419442313,1.22286112722542
"WQS0751",TRUE,0.143883424741771,3.32990131266268
"WQS0752",FALSE,0.184103123412082,3.32990131266268
"WQS0753",FALSE,0.359741067540098,1.82846130498133
"WQS0754",TRUE,0.530629302952308,1.23960855186481
"WQS0755",TRUE,0.592574743392436,1.11002473383198
"WQS0756",FALSE,0.613721963037525,1.07177624628944
"WQS0757",TRUE,0.419018997428524,1.56979188496566
"WQS0758",FALSE,0.566404443644967,1.16131260831359
"WQS0759",FALSE,0.187323929428175,3.32990131266268
"WQS0760",TRUE,0.425488054436199,1.54592500295065
"WQS0761",FALSE,0.236954724767504,2.7759422077578
"WQS0762",FALSE,0.580944481035258,1.1322469586725
"WQS0763",FALSE,0.188965695165599,3.32990131266268
"WQS0764",FALSE,0.179189682805222,3.32990131266268
"WQS0765",FALSE,0.355717875936638,1.84914131761798
"WQS0766",FALSE,0.184645870996129,3.32990131266268
"WQS0767",FALSE,0.449554914760709,1.46316412125061
"WQS0768",FALSE,0.185509070210883,3.32990131266268
"WQS0769",FALSE,0.562915602663803,1.16851019708295
"WQS0770",TRUE,0.537586511224933,1.22356608299371
"WQS0771",TRUE,0.102493307566267,3.32990131266268
"WQS0772",FALSE,0.580329396665369,1.13344701403956
"WQS0773",TRUE,0.61798844641176,1.0643768918804
"WQS0774",TRUE,0.470980052001467,1.39660399419145
"WQS0775",FALSE,6.51537889346615e-08,3.32990131266268
"WQS0776",FALSE,2.99752437355575e-08,3.32990131266268
"WQS0777",FALSE,8.712230829996e-09,3.32990131266268
"WQS0778",FALSE,1.60781726738059e-08,3.32990131266268
"WQS0779",FALSE,1.68697806269378e-08,3.32990131266268
"WQS0780",FALSE,1.54250128660948e-08,3.32990131266268
"WQS0781",TRUE,0.628342549488652,1.04683762438982
"WQS0782",FALSE,0.660135465225624,0.996420668877301
"WQS0783",TRUE,0.309343882651209,2.12634759793002
"WQS0784",TRUE,0.539076701659762,1.22018373226765
"WQS0785",TRUE,0.541911423290824,1.21380098949629
"WQS0786",FALSE,0.0631977873675997,3.32990131266268
"WQS0787",FALSE,0.0638386335246466,3.32990131266268
"WQS0788",TRUE,0.527433325827162,1.24711994786862
"WQS0789",TRUE,0.573701265172598,1.14654204503428
"WQS0790",TRUE,0.557654612590788,1.17953408249207
"WQS0791",FALSE,0.557943179097426,1.17892403107035
"WQS0792",FALSE,0.440672462769571,1.49265651335626
"WQS0793",TRUE,0.566519762690648,1.16107621503917
"WQS0794",TRUE,0.30574632410085,2.15136722818875
"WQS0795",FALSE,0.638378481799351,1.03038031600897
"WQS0796",FALSE,0.615935535785756,1.06792445571535
"WQS0797",FALSE,0.21629328130706,3.04111444347612
"WQS0798",FALSE,0.0695151767723584,3.32990131266268
"WQS0799",TRUE,0.5440157564004,1.20910582840843
"WQS0800",TRUE,0.571734718319667,1.15048570732759
"WQS0801",TRUE,0.544884155899847,1.20717883735024
"WQS0802",TRUE,0.540664973237767,1.21659928859582
"WQS0803",FALSE,0.654113958298411,1.00559331209022
"WQS0804",FALSE,0.638914719395866,1.02951552349852
"WQS0805",FALSE,0.627428140129883,1.04836327818128
"WQS0806",FALSE,0.208268521209994,3.15829112334514
"WQS0807",FALSE,0.627609722461511,1.04805996189787
"WQS0808",FALSE,0.660125045229564,0.996436397260156
"WQS0809",FALSE,0.635408033035243,1.03519720811157
"WQS0810",FALSE,0.638640068985163,1.02995827188699
"WQS0811",FALSE,0.631147894870196,1.04218460864078
"WQS0812",FALSE,0.635882000562627,1.03442560290706
"WQS0813",FALSE,0.717620820258939,0.916601920178961
"WQS0814",FALSE,0.647030739036638,1.01660181213199
"WQS0815",FALSE,0.610427775915368,1.07756011073281
"WQS0816",TRUE,0.656936676365754,1.00127249014108
"WQS0817",TRUE,0.547616051808528,1.20115657610368
"WQS0818",TRUE,0.666241761644135,0.987288188279447
"WQS0819",TRUE,0.659097351429259,0.997990085050955
"WQS0820",TRUE,0.313410221652864,2.09875931404145
"WQS0821",FALSE,0.310160548308354,2.12074883603766
"WQS0822",FALSE,0.426551975360061,1.54206910249216
"WQS0823",TRUE,0.302485167257112,2.17456157528094
"WQS0824",TRUE,0.539025883015051,1.22029876957018
"WQS0825",FALSE,0.546083469387454,1.20452762019618
"WQS0826",TRUE,0.456416226010613,1.44116835538281
"WQS0827",FALSE,0.551128057275547,1.19350233240054
"WQS0828",TRUE,0.539757258912455,1.21864525385926
"WQS0829",TRUE,0.430422143825491,1.52820348870441
"WQS0830",TRUE,0.428539894961528,1.53491572090108
"WQS0831",TRUE,0.549970552161436,1.19601425789915
"WQS0832",TRUE,0.407313039726728,1.61490685947853
"WQS0833",TRUE,0.327737667713534,2.00700952807379
"WQS0834",TRUE,0.39924767777748,1.6475302385512
"WQS0835",TRUE,0.306767400309832,2.14420639593842
"WQS0836",TRUE,0.42874202654411,1.53419208075248
"WQS0837",TRUE,0.321902470200349,2.04339103518017
"WQS0838",FALSE,0.63049731289974,1.04325999231394
"WQS0839",FALSE,0.573768832082938,1.14640702845752
"WQS0840",TRUE,0.22723149079764,2.89472475624217
"WQS0841",TRUE,0.412735674468385,1.59368976926207
"WQS0842",TRUE,0.656078087842001,1.00258282359851
"WQS0843",TRUE,0.654789036962638,1.00455655895057
"WQS0844",TRUE,0.215709763074979,3.049340986857
"WQS0845",TRUE,0.229771184930032,2.8627289449286
"WQS0846",FALSE,0.30581068230586,2.15091447051502
"WQS0847",FALSE,0.623733777704536,1.05457271246473
"WQS0848",TRUE,0.407094562002077,1.61577354061141
"WQS0849",FALSE,0.532683447991675,1.23482834747293
"WQS0850",TRUE,0.32325031329373,2.03487079442377
"WQS0851",TRUE,0.201109730599306,3.2707150462068
"WQS0852",TRUE,0.320135876003806,2.054667005837
"WQS0853",FALSE,0.556673425935615,1.18161311671059
"WQS0854",FALSE,0.238250935215454,2.76083962153144
"WQS0855",TRUE,0.666776591914759,0.986496271443546
"WQS0856",FALSE,0.670921928698138,0.980401137113065
"WQS0857",TRUE,0.294915781550549,2.23037444232872
"WQS0858",TRUE,0.528755698764846,1.24400100716886
"WQS0859",TRUE,0.522437194689735,1.25904630928964
"WQS0860",TRUE,0.543204195399916,1.21091226352823
"WQS0861",TRUE,0.228133865440433,2.88327478491568
"WQS0862",TRUE,0.551789766963845,1.19207107704997
"WQS0863",TRUE,0.548555396164822,1.19909971975211
"WQS0864",TRUE,0.555965004213137,1.18311875176513
"WQS0865",FALSE,0.435029587358607,1.51201812686714
"WQS0867",TRUE,0.65738887676269,1.00058374131449
"WQS0868",TRUE,0.392355047425809,1.67647294491381
"WQS0869",TRUE,0.412565675553102,1.5943464538777
"WQS0870",TRUE,0.676971072255808,0.971640663489372
"WQS0871",TRUE,0.310707932802062,2.11701264231571
"WQS0872",TRUE,0.295782707366156,2.22383731512564
"WQS0873",FALSE,0.412790444057547,1.59347831636831
"WQS0874",FALSE,0.651984554917659,1.00887761350852
"WQS0875",FALSE,0.417909438510023,1.57395971757639
"WQS0876",FALSE,0.421240481537467,1.56151331754481
"WQS0877",FALSE,0.433335333354438,1.51792981365711
"WQS0878",FALSE,0.415263281079969,1.5839893671771
"WQS0879",FALSE,0.441927694412859,1.48841683860446
"WQS0880",FALSE,0.410097297028958,1.60394283643205
"WQS0881",FALSE,0.415120660437487,1.58453356938807
"WQS0882",FALSE,0.416148594303073,1.58061959313192
"WQS0883",FALSE,0.427355549001435,1.53916948860663
"WQS0884",FALSE,0.415503190523981,1.58307477971527
"WQS0885",FALSE,0.419023810088217,1.56977385526437
"WQS0886",FALSE,0.419079949453616,1.5695635705486
"WQS0887",FALSE,0.640131550485943,1.02755850935704
"WQS0888",FALSE,0.524659186130311,1.25371410469571
"WQS0889",FALSE,0.527390600153915,1.24722098121919
"WQS0890",FALSE,0.402856525622156,1.63277142102615
"WQS0891",FALSE,0.632890615397482,1.03931486074673
"WQS0892",FALSE,0.634566763405344,1.03656960897206
"WQS0893",FALSE,0.4115547708595,1.59826265757056
"WQS0894",FALSE,0.638378481799351,1.03038031600897
"WQS0895",FALSE,0.41795774822503,1.57377779118381
"WQS0896",FALSE,0.413506669244508,1.59071829001336
"WQS0897",FALSE,0.419221250891474,1.56903453823247
"WQS0898",FALSE,0.411356969632204,1.59903118305705
"WQS0899",FALSE,0.407706041920054,1.61335019395843
"WQS0900",FALSE,0.645539923484171,1.01894956125959
"WQS0901",FALSE,0.642950795270869,1.02305281624643
"WQS0902",FALSE,0.425339031228007,1.54646663841471
"WQS0903",FALSE,0.41867217966572,1.57109226205316
"WQS0904",FALSE,0.46240577027333,1.42250089444371
"WQS0905",FALSE,0.424027074944275,1.55125146642155
"WQS0906",FALSE,0.418005620072675,1.57359755520843
"WQS0907",FALSE,0.416634143842248,1.57877752347345
"WQS0908",FALSE,0.425002348789964,1.54769173319279
"WQS0909",FALSE,0.448238122729852,1.46746246794848
"WQS0910",FALSE,0.432083326704681,1.52232817411933
"WQS0911",TRUE,0.539384106748221,1.21948832674224
"WQS0912",FALSE,0.158731174329319,3.32990131266268
"WQS0913",FALSE,0.240639509688877,2.73343568003516
"WQS0914",FALSE,0.236969134222393,2.77577341018781
"WQS0915",TRUE,0.418488273205971,1.57178268526058
"WQS0916",TRUE,0.554952733309019,1.18527683950242
"WQS0917",TRUE,0.336864836123216,1.95263070310238
"WQS0918",TRUE,0.547443008601895,1.20153625395567
"WQS0919",TRUE,0.543438140762678,1.21039097639817
"WQS0920",TRUE,0.429366696108505,1.53196004201388
"WQS0921",TRUE,0.447313991609166,1.47049418115332
"WQS0922",TRUE,0.409223678691718,1.60736696349692
"WQS0923",TRUE,0.537770791711508,1.22314679775805
"WQS0924",TRUE,0.545870953449229,1.20499656128144
"WQS0925",FALSE,0.506819382566262,1.29784425070552
"WQS0926",TRUE,0.54423253345025,1.208624221047
"WQS0927",TRUE,0.436163406755727,1.50808759199308
"WQS0928",TRUE,0.503723132967681,1.30582174762251
"WQS0929",FALSE,0.337316507466323,1.9500161043124
"WQS0930",FALSE,0.657361839447067,1.00062489535904
"WQS0931",TRUE,0.417951440218986,1.57380154370351
"WQS0932",TRUE,0.307618431596863,2.13827441481713
"WQS0933",TRUE,0.309531581449698,2.12505818866383
"WQS0934",TRUE,0.276551727324012,2.37847952777055
"WQS0935",TRUE,0.274989497864082,2.39199179211876
"WQS0936",FALSE,0.640434154484598,1.0270729897894
"WQS0937",FALSE,0.427371692055875,1.53911134976096
"WQS0938",FALSE,0.418928456168109,1.57013115754016
"WQS0939",FALSE,0.408209211562362,1.6113615351604
"WQS0940",TRUE,0.213247981237598,3.08454325331626
"WQS0941",TRUE,0.231198479947152,2.84505599673536
"WQS0942",TRUE,0.557278886246752,1.18032934324825
"WQS0943",FALSE,0.319206771901173,2.06064745397505
"WQS0944",FALSE,0.676522657565261,0.972284689144048
"WQS0945",FALSE,0.681806038399709,0.964750361193084
"WQS0946",FALSE,0.663449460003941,0.991443450426258
"WQS0947",FALSE,0.0737333519849647,3.32990131266268
"WQS0948",FALSE,0.642981646024803,1.02300372938541
"WQS0949",FALSE,0.24236803981766,2.71394125357702
"WQS0950",TRUE,0.666209688066694,0.987335719656925
"WQS0951",TRUE,0.95644398644075,0.687727280567196
"WQS0952",TRUE,0.94492787314471,0.696108814761369
"WQS0953",TRUE,0.958391191026613,0.686329995484568
"WQS0954",TRUE,0.953285626573197,0.690005810928104
"WQS0955",TRUE,0.952432535683578,0.690623847008386
"WQS0956",TRUE,0.901613914094099,0.729550211600988
"WQS0957",TRUE,0.886592538638048,0.741910847592054
"WQS0958",TRUE,0.933735574442435,0.704452780652084
"WQS0959",TRUE,0.946843744077741,0.694700288114
"WQS0960",TRUE,0.883080543278982,0.744861413622995
"WQS0961",TRUE,0.89136640493703,0.737937416270711
"WQS0962",TRUE,0.883472045846419,0.744531335091151
"WQS0963",TRUE,0.87571674406648,0.751124865736049
"WQS0964",TRUE,0.88307691733468,0.744864472049668
"WQS0965",TRUE,0.92989639646379,0.707361190247777
"WQS0966",TRUE,0.925132814654655,0.711003448791605
"WQS0967",TRUE,0.944241242632221,0.696615009079777
"WQS0968",TRUE,0.894090830516016,0.735688812992431
"WQS0969",TRUE,0.933124464032013,0.70491413221289
"WQS0970",TRUE,0.927107064034337,0.709489386206837
"WQS0971",FALSE,0.443039841273417,1.48468051974542
"WQS0972",TRUE,0.919793078136394,0.715131084854941
"WQS0973",TRUE,0.924939442377994,0.711152094583219
"WQS0974",TRUE,0.881172472875313,0.746474319225381
"WQS0975",TRUE,0.919352407453681,0.715473866687933
"WQS0976",TRUE,0.930001370297407,0.707281346907472
"WQS0977",TRUE,0.873712082572347,0.75284826080596
"WQS0978",TRUE,0.919761852503102,0.715155363336322
"WQS0979",TRUE,0.920344335061449,0.714702744126552
"WQS0980",FALSE,0.658210428976368,0.999334852279226
"WQS0981",TRUE,0.843867387536807,0.779473921524257
"WQS0982",TRUE,0.897995214998818,0.732490118904042
"WQS0983",FALSE,0.93534440916844,0.703241089979392
"WQS0985",TRUE,0.756729211406585,0.869231175293335
"WQS0986",TRUE,0.919034148938259,0.715721632944386
"WQS0987",TRUE,0.921156274583338,0.714072780003884
"WQS0988",TRUE,0.913062983581162,0.72040224347927
"WQS0989",TRUE,0.907423006633519,0.724879815699229
"WQS0991",TRUE,0.888916928491773,0.739970857485849
"WQS0992",TRUE,0.93985178174543,0.699868462863552
"WQS0993",TRUE,0.913218948107697,0.720279209244105
"WQS0994",TRUE,0.925856896689914,0.710447396526814
"WQS0995",TRUE,0.925055710399426,0.711062711591422
"WQS0996",TRUE,0.948041090024722,0.693822903596501
"WQS0997",TRUE,0.933733736452734,0.704454167318224
"WQS0998",TRUE,0.95002316678326,0.692375349157996
"WQS0999",TRUE,0.928372233196851,0.708522506694006
"WQS1000",TRUE,0.914426831604718,0.719327778971038
"WQS1001",TRUE,0.91250960360142,0.720839122365069
"WQS1002",TRUE,0.914435265907471,0.719321144244127
"WQS1003",FALSE,0.934451334729681,0.703913192012323
"WQS1004",TRUE,0.937316048375921,0.701761826173212
"WQS1005",TRUE,0.889491914091479,0.739492525327326
"WQS1006",TRUE,0.914702695466594,0.719110837947419
"WQS1007",TRUE,0.954619154808393,0.689041926821351
"WQS1008",TRUE,0.956826215219038,0.687452550261875
"WQS1009",TRUE,0.940915793384122,0.699077033709874
"WQS1010",FALSE,0.848652841677578,0.7750785592251
"WQS1011",TRUE,0.831085766798464,0.791461781788946
"WQS1012",TRUE,0.921660425043808,0.713682180482557
"WQS1013",FALSE,0.819018025016814,0.803123498773108
"WQS1014",TRUE,0.919937894801855,0.715018508886866
"WQS1015",TRUE,0.930977701039147,0.706539609998764
"WQS1016",TRUE,0.881352598743303,0.746321759018632
"WQS1017",TRUE,0.901121920001404,0.729948531058616
"WQS1018",TRUE,0.922775338696074,0.712819896920099
"WQS1019",TRUE,0.92435893217894,0.711598707938284
"WQS1020",TRUE,0.929137969839403,0.707938587337506
"WQS1021",TRUE,0.9211503083075,0.714077405041877
"WQS1022",TRUE,0.926614919356814,0.709866210945881
"WQS1023",FALSE,0.929022272001639,0.708026752030962
"WQS1024",TRUE,0.883844865753925,0.744217279860149
"WQS1025",FALSE,0.930745602695005,0.706715798500839
"WQS1026",TRUE,0.888179965221554,0.74058484492573
"WQS1027",TRUE,0.917563489663679,0.716868782617803
"WQS1028",TRUE,0.919566849177869,0.715307019166492
"WQS1029",TRUE,0.929135345380262,0.707940586998702
"WQS1030",TRUE,0.931737264686035,0.705963630242258
"WQS1031",TRUE,0.934958877507993,0.703531072471283
"WQS1032",TRUE,0.911237421355027,0.721845488776816
"WQS1033",TRUE,0.930437219777686,0.706950031477578
"WQS1034",TRUE,0.931383751576109,0.70623158359446
"WQS1035",TRUE,0.934758920851014,0.703681566591418
"WQS1036",TRUE,0.915671939706149,0.718349654812872
"WQS1037",TRUE,0.917252431515455,0.717111886771446
"WQS1038",TRUE,0.912735780185039,0.720660497911448
"WQS1039",TRUE,0.906951805429937,0.725256422526145
"WQS1040",TRUE,0.906975424484438,0.72523753571785
"WQS1041",TRUE,0.927842165869968,0.708927278803934
"WQS1042",TRUE,0.914418236647335,0.71933454020059
"WQS1043",TRUE,0.913587771518536,0.719988426198411
"WQS1044",TRUE,0.913016613072286,0.720438831442892
"WQS1045",TRUE,0.935274305813636,0.703293801316951
"WQS1046",TRUE,0.932258038795858,0.705569267774135
"WQS1047",FALSE,0.931302243869458,0.706293393084475
"WQS1048",TRUE,0.934011481663524,0.704244685127657
"WQS1049",TRUE,0.890464990076753,0.73868442795606
"WQS1050",TRUE,0.894123351937524,0.735662054216996
"WQS1051",TRUE,0.813031484509853,0.80903708446948
"WQS1052",TRUE,0.721349502229732,0.911863971315614
"WQS1053",TRUE,0.924499472400994,0.711490532386634
"WQS1054",TRUE,0.927057597383977,0.709527243685705
"WQS1055",FALSE,0.930421680527805,0.706961838460822
"WQS1056",FALSE,0.929845401752871,0.707399983448607
"WQS1057",TRUE,0.836924854398638,0.785939882598396
"WQS1058",TRUE,0.895591984427937,0.734455682103832
"WQS1059",TRUE,0.93288600861587,0.705094315634219
"WQS1060",TRUE,0.929389900352279,0.707746685820903
"WQS1061",TRUE,0.931529230018747,0.706121290253562
"WQS1062",TRUE,0.930082456169513,0.707219685143553
"WQS1063",TRUE,0.900325168680074,0.730594505953972
"WQS1064",TRUE,0.93015739827618,0.707162704966671
"WQS1065",TRUE,0.930906921022598,0.706593330606226
"WQS1066",TRUE,0.93303252671662,0.7049835916487
"WQS1067",TRUE,0.884203001941472,0.743915843268405
"WQS1068",TRUE,0.920190846957148,0.714821956754778
"WQS1069",TRUE,0.920514408394058,0.714570696353688
"WQS1070",TRUE,0.91324593795343,0.72025792228959
"WQS1071",TRUE,0.917406476438316,0.716991474012089
"WQS1072",TRUE,0.916822025196762,0.717448538246644
"WQS1073",TRUE,0.926134621196033,0.71023435120078
"WQS1074",TRUE,0.936823721011677,0.702130621862793
"WQS1075",TRUE,0.935774030594682,0.702918226306977
"WQS1076",TRUE,0.894122694989448,0.735662594737636
"WQS1077",TRUE,0.931159740082475,0.706401483542968
"WQS1078",FALSE,0.931780402586557,0.705930946802288
"WQS1079",TRUE,0.756526906222257,0.869463619072526
"WQS1080",TRUE,0.775212981679946,0.848505684701385
"WQS1094",FALSE,0.813300881837668,0.808769099479513
"WQS1095",FALSE,0.787462029474753,0.835307096963758
"WQS1097",TRUE,0.809939403492464,0.812125720730989
"WQS1098",TRUE,0.789108465849425,0.833564269395709
"WQS1099",TRUE,0.793656131249405,0.828787929571278
"WQS1103",TRUE,0.854211713389328,0.770034654757712
"WQS1109",TRUE,0.763580757880406,0.8614316364331
"WQS1111",TRUE,0.857000728924337,0.767528660839469
"WQS1121",TRUE,0.973161377323461,0.67591320117826
"WQS1122",TRUE,0.973803527515751,0.675467487253588
"WQS1125",TRUE,0.973427804435192,0.675728203789496
"WQS1126",TRUE,0.958040451399419,0.686581261625154
"WQS1127",FALSE,0.86749982074171,0.758239490179204
"WQS1129",TRUE,0.966414660742226,0.680631874214907
"WQS1130",TRUE,0.971655017931504,0.67696107123497
"WQS1131",TRUE,0.957832235909342,0.686730512035098
"WQS1132",TRUE,0.957502931613608,0.686966692312106
"WQS1133",TRUE,0.959330542285497,0.685657959187535
"WQS1134",TRUE,0.937136484159378,0.701896290378422
"WQS1135",TRUE,0.94257734224186,0.697844720355016
"WQS1136",TRUE,0.935440997153375,0.703168477553798
"WQS1137",TRUE,0.940049374097378,0.699721354999389
"WQS1138",TRUE,0.946442357567109,0.694994910731375
"WQS1139",TRUE,0.943529043811936,0.69714083114208
"WQS1140",TRUE,0.962752361243295,0.683220990453142
"WQS1141",FALSE,0.91337711949256,0.720154477019503
"WQS1142",TRUE,0.923308137086136,0.712408561550867
"WQS1143",TRUE,0.967868134767292,0.67960975073107
"WQS1144",TRUE,0.929793574709772,0.707439414189395
"WQS1145",TRUE,0.928386798039936,0.708511391155575
"WQS1146",TRUE,0.86586565683405,0.759670529276821
"WQS1147",TRUE,0.910268529018076,0.722613823109206
"WQS1148",TRUE,0.857783417143203,0.766828325966499
"WQS1149",TRUE,0.939000952363093,0.700502614139413
"WQS1150",TRUE,0.935921595387471,0.702807398666154
"WQS1151",TRUE,0.950755029160505,0.691842379619641
"WQS1152",TRUE,0.936995943146623,0.702001568545548
"WQS1153",TRUE,0.938692971421435,0.700732445896233
"WQS1154",TRUE,0.950790037488186,0.691816905809678
"WQS1155",FALSE,0.859883725442774,0.764955310057813
"WQS1156",TRUE,0.866382013761792,0.759217771562137
"WQS1157",TRUE,0.910187350338835,0.72267827229732
"WQS1158",TRUE,0.941781864417293,0.698434156211669
"WQS1163",TRUE,0.964401241893928,0.682052856462509
"WQS1171",TRUE,0.939287363810575,0.70028901394057
"WQS1172",TRUE,0.939366704419741,0.700229866265123
"WQS1173",TRUE,0.864129864448997,0.761196492415138
"WQS1174",TRUE,0.856625157400087,0.767865169645644
"WQS1180",TRUE,0.938027054806644,0.7012299042327
"WQS1181",TRUE,0.947558811625477,0.694176038193743
"WQS1182",TRUE,0.948589022207635,0.693422131619151
"WQS1183",TRUE,0.94086152261534,0.699117357867197
"WQS1184",TRUE,0.967514076580496,0.679858451397961
"WQS1186",TRUE,0.981046252432627,0.670480744591517
"WQS1187",TRUE,0.981709023703572,0.670028089716693
"WQS1188",TRUE,0.981834282417876,0.669942610060332
"WQS1193",TRUE,0.982179715228385,0.669706991104774
"WQS1199",TRUE,0.982835502619891,0.669260135654803
"WQS1201",TRUE,0.982696654168387,0.669354697626796
"WQS1205",TRUE,0.982307322393275,0.669619992455273
"WQS1206",TRUE,0.981359019407864,0.670267057011035
"WQS1207",TRUE,0.980177048236891,0.671075315416662
"WQS1208",TRUE,0.981139943515909,0.670416718997925
"WQS1210",TRUE,0.98008698936832,0.671136979620236
"WQS1211",TRUE,0.981979398248724,0.669843606681389
"WQS1212",TRUE,0.981841371789034,0.669937772749587
"WQS1213",TRUE,0.981943611863256,0.66986801875681
"WQS1215",TRUE,0.971009261793422,0.677411274733735
"WQS1216",TRUE,0.972518286977631,0.676360157559561
"WQS1217",TRUE,0.970053316704253,0.678078833898039
"WQS1218",TRUE,0.969704997579473,0.678322400577126
"WQS1219",TRUE,0.973177964559922,0.675901680641931
"WQS1220",TRUE,0.971044105407688,0.677386967437058
"WQS1221",TRUE,0.972720354728115,0.676219654099455
"WQS1222",FALSE,0.984481616855703,0.66814109125834
"WQS1223",TRUE,0.982260664996544,0.669651799415239
"WQS1224",TRUE,0.978945747189375,0.671919382354189
"WQS1225",TRUE,0.981551712018414,0.670135474021164
"WQS1226",TRUE,0.968215932227971,0.679365624872685
"WQS1228",TRUE,0.958543163943902,0.68622118080041
"WQS1230",TRUE,0.972262558563716,0.676538056532225
"WQS1233",TRUE,0.982292897555403,0.669629825733974
"WQS1235",TRUE,0.966032034121372,0.680901459347571
"WQS1236",TRUE,0.983635692760161,0.668715690830598
"WQS1237",TRUE,0.982067338927701,0.669783624540404
"WQS1238",TRUE,0.958431677194196,0.68630100346367
"WQS1244",TRUE,0.982094270564046,0.669765257292425
"WQS1245",TRUE,0.985229235800891,0.667634087487307
"WQS1246",TRUE,0.981381760044323,0.670251525542962
"WQS1247",TRUE,0.972077814582249,0.676666633002444
"WQS1248",TRUE,0.981877202823318,0.669913325126978
"WQS1249",TRUE,0.957800856497506,0.68675301065724
"WQS1250",TRUE,0.956988147817423,0.687336225960487
"WQS1251",TRUE,0.980456742929201,0.670883877900203
"WQS1252",TRUE,0.980359543616976,0.670950393753432
"WQS1257",TRUE,0.979648965825095,0.671437060371666
"WQS1258",TRUE,0.95510692360502,0.688690036218148
"WQS1259",TRUE,0.948144424991851,0.693747286248504
"WQS1260",TRUE,0.957920992903196,0.686666882428598
"WQS1261",TRUE,0.941471442627854,0.69866444379211
"WQS1262",TRUE,0.957428358700634,0.687020199299753
"WQS1263",TRUE,0.839742497199713,0.783302767221163
"WQS1264",TRUE,0.955748050509449,0.688228054934695
"WQS1265",FALSE,0.861169231541303,0.763813426813307
"WQS1266",TRUE,0.953072330744232,0.690160232955358
"WQS1268",TRUE,0.843841562816853,0.779497776352724
"WQS1269",FALSE,0.846091738923532,0.777424706505961
"WQS1270",TRUE,0.962511632819266,0.683391867050044
"WQS1271",TRUE,0.89790302409968,0.732565326271496
"WQS1272",TRUE,0.892356116132133,0.737118970687199
"WQS1273",TRUE,0.847399842093123,0.776224621643794
"WQS1274",TRUE,0.89127571007594,0.738012507660172
"WQS1275",TRUE,0.953786470001932,0.689643481531471
"WQS1276",TRUE,0.865838946759935,0.759693964184913
"WQS1277",TRUE,0.958553928202584,0.6862134747527
"WQS1278",TRUE,0.885585206719116,0.742754753375609
"WQS1279",TRUE,0.879521309515479,0.747875707721176
"WQS1280",TRUE,0.905530259017189,0.726394966109309
"WQS1281",FALSE,0.00388230635371693,3.32990131266268
"WQS1282",FALSE,0.0522178486815406,3.32990131266268
"WQS1283",FALSE,0.0248335371028271,3.32990131266268
"WQS1284",FALSE,0.0815691771988395,3.32990131266268
"WQS1285",FALSE,0.0261005902783957,3.32990131266268
"WQS1286",FALSE,0.0242941941744273,3.32990131266268
"WQS1287",FALSE,0.0213796472057235,3.32990131266268
"WQS1288",FALSE,0.0213363962119744,3.32990131266268
"WQS1289",FALSE,0.0218110689906439,3.32990131266268
"WQS1290",TRUE,0.00507439412912293,3.32990131266268
"WQS1291",FALSE,0.027429441347997,3.32990131266268
"WQS1292",FALSE,0.0257653056561058,3.32990131266268
"WQS1293",FALSE,0.0260095421983024,3.32990131266268
"WQS1294",FALSE,0.0262394147012407,3.32990131266268
"WQS1295",FALSE,0.0255941910757894,3.32990131266268
"WQS1296",FALSE,0.0273873758958871,3.32990131266268
"WQS1297",FALSE,0.0247324293134525,3.32990131266268
"WQS1298",FALSE,0.0246714408555344,3.32990131266268
"WQS1300",FALSE,0.0222295949875649,3.32990131266268
"WQS1301",FALSE,0.022209166045108,3.32990131266268
"WQS1302",FALSE,0.0229436910667488,3.32990131266268
"WQS1303",FALSE,0.0213673071372055,3.32990131266268
"WQS1304",FALSE,0.00146819682699725,3.32990131266268
"WQS1305",FALSE,0.0145022561880113,3.32990131266268
"WQS1306",FALSE,0.026944463417696,3.32990131266268
"WQS1307",FALSE,0.0252060006063137,3.32990131266268
"WQS1308",FALSE,0.024463670016492,3.32990131266268
"WQS1311",FALSE,0.00144932557647007,3.32990131266268
"WQS1312",FALSE,0.0246788156727315,3.32990131266268
"WQS1313",FALSE,0.0240818206017961,3.32990131266268
"WQS1314",FALSE,0.0236741015995222,3.32990131266268
"WQS1315",FALSE,0.0241728459799871,3.32990131266268
"WQS1316",FALSE,0.026730990826897,3.32990131266268
"WQS1317",FALSE,0.0270960281926703,3.32990131266268
"WQS1318",FALSE,0.02721934195386,3.32990131266268
"WQS1319",FALSE,0.0147783698540425,3.32990131266268
"WQS1320",FALSE,0.0147783698540425,3.32990131266268
"WQS1321",FALSE,0.0140768859097245,3.32990131266268
"WQS1322",FALSE,0.0147783698540425,3.32990131266268
"WQS1323",FALSE,0.0258701598913817,3.32990131266268
"WQS1324",FALSE,0.0234568532879878,3.32990131266268
"WQS1326",FALSE,0.0256220115793899,3.32990131266268
"WQS1327",FALSE,0.0104152862446557,3.32990131266268
"WQS1329",FALSE,0.0457780564095562,3.32990131266268
"WQS1330",FALSE,0.0691967073055448,3.32990131266268
"WQS1331",FALSE,0.0218113311972286,3.32990131266268
"WQS1332",FALSE,0.0171684712957233,3.32990131266268
"WQS1333",FALSE,0.0124928525738079,3.32990131266268
"WQS1334",FALSE,0.013016257792297,3.32990131266268
"WQS1335",FALSE,0.0266006636874936,3.32990131266268
"WQS1336",FALSE,0.00428343485860245,3.32990131266268
"WQS1337",FALSE,0.0271472612859094,3.32990131266268
"WQS1339",FALSE,0.00584908687480565,3.32990131266268
"WQS1340",FALSE,0.0260077778904536,3.32990131266268
"WQS1341",FALSE,0.0229270552172207,3.32990131266268
"WQS1342",FALSE,0.0256905614586228,3.32990131266268
"WQS1343",FALSE,0.0218728136135146,3.32990131266268
"WQS1344",FALSE,0.0253748348548542,3.32990131266268
"WQS1345",FALSE,0.0230110051249595,3.32990131266268
"WQS1346",FALSE,0.02582224284097,3.32990131266268
"WQS1347",FALSE,0.0262375059631513,3.32990131266268
"WQS1348",FALSE,0.025219519140697,3.32990131266268
"WQS1349",FALSE,0.0256038334627829,3.32990131266268
"WQS1350",FALSE,0.0166890648567801,3.32990131266268
"WQS1352",FALSE,0.0038487280338334,3.32990131266268
"WQS1353",FALSE,0.00705066242685762,3.32990131266268
"WQS1354",FALSE,0.00569824621378374,3.32990131266268
"WQS1355",FALSE,0.0266183332017306,3.32990131266268
"WQS1356",FALSE,0.0264968696683832,3.32990131266268
"WQS1357",FALSE,0.0235534456849756,3.32990131266268
"WQS1358",FALSE,0.025708922346623,3.32990131266268
"WQS1359",FALSE,0.069639250284748,3.32990131266268
"WQS1360",FALSE,0.0137218602249133,3.32990131266268
"WQS1361",FALSE,0.0139065962482815,3.32990131266268
"WQS1362",FALSE,0.0220498078842396,3.32990131266268
"WQS1363",FALSE,0.0222830037510401,3.32990131266268
"WQS1364",FALSE,0.0162083917485558,3.32990131266268
"WQS1365",FALSE,0.0280506161356097,3.32990131266268
"WQS1366",FALSE,0.0262869315502499,3.32990131266268
"WQS1367",FALSE,0.0099428057746654,3.32990131266268
"WQS1368",FALSE,0.0092268417784905,3.32990131266268
"WQS1369",FALSE,0.0279752827607431,3.32990131266268
"WQS1370",FALSE,0.0263944727033109,3.32990131266268
"WQS1371",FALSE,0.0238969557823918,3.32990131266268
"WQS1372",FALSE,0.0236056864618955,3.32990131266268
"WQS1373",FALSE,0.023462382014949,3.32990131266268
"WQS1374",FALSE,0.0291268408093925,3.32990131266268
"WQS1375",FALSE,0.0228765641859795,3.32990131266268
"WQS1376",FALSE,0.0252742057442692,3.32990131266268
"WQS1377",FALSE,0.0120375434175984,3.32990131266268
"WQS1378",FALSE,0.0106569280783098,3.32990131266268
"WQS1379",FALSE,0.0266607602200883,3.32990131266268
"WQS1380",FALSE,0.0264068975871522,3.32990131266268
"WQS1381",FALSE,0.0279680172498305,3.32990131266268
"WQS1382",FALSE,0.0108154618482575,3.32990131266268
"WQS1383",FALSE,0.011327672335149,3.32990131266268
"WQS1384",FALSE,0.0275683288143948,3.32990131266268
"WQS1385",FALSE,0.0268796733932549,3.32990131266268
"WQS1386",FALSE,0.025710661388996,3.32990131266268
"WQS1387",FALSE,0.0230108759543964,3.32990131266268
"WQS1388",FALSE,0.026235772931047,3.32990131266268
"WQS1389",FALSE,0.0109801527911528,3.32990131266268
"WQS1390",FALSE,0.0270461573007376,3.32990131266268
"WQS1391",FALSE,0.0813447227035657,3.32990131266268
"WQS1392",FALSE,0.0723016201186353,3.32990131266268
"WQS1393",FALSE,0.0265942669610313,3.32990131266268
"WQS1394",FALSE,0.0267289152198945,3.32990131266268
"WQS1395",FALSE,0.0268021565758408,3.32990131266268
"WQS1396",FALSE,0.059549479418285,3.32990131266268
"WQS1397",FALSE,0.0278461936244713,3.32990131266268
"WQS1398",FALSE,0.0114858283377017,3.32990131266268
"WQS1399",FALSE,0.0115472325365604,3.32990131266268
"WQS1400",FALSE,0.00631406258171969,3.32990131266268
"WQS1401",FALSE,0.0137315783900315,3.32990131266268
"WQS1402",FALSE,0.00602167216806932,3.32990131266268
"WQS1403",FALSE,0.027291324295801,3.32990131266268
"WQS1404",FALSE,0.00727790340253534,3.32990131266268
"WQS1405",FALSE,0.00508335219240365,3.32990131266268
"WQS1406",FALSE,0.00407753739523953,3.32990131266268
"WQS1407",FALSE,0.0236524142869583,3.32990131266268
"WQS1408",FALSE,0.0245339130031261,3.32990131266268
"WQS1409",FALSE,0.0228596851814915,3.32990131266268
"WQS1410",FALSE,0.0258778617225834,3.32990131266268
"WQS1411",FALSE,0.011020118316934,3.32990131266268
"WQS1412",TRUE,0.0119434460905061,3.32990131266268
"WQS1413",FALSE,0.0189997776563231,3.32990131266268
"WQS1414",FALSE,0.0106707955492081,3.32990131266268
"WQS1415",FALSE,0.0103111908240655,3.32990131266268
"WQS1416",FALSE,0.0101842950854657,3.32990131266268
"WQS1417",FALSE,0.00400529163154603,3.32990131266268
"WQS1418",FALSE,0.00462351401305879,3.32990131266268
"WQS1419",FALSE,0.0300499576304581,3.32990131266268
"WQS1420",FALSE,0.0240012679482599,3.32990131266268
"WQS1421",TRUE,0.00471745616010698,3.32990131266268
"WQS1425",TRUE,0.999999976495372,0.657772637270446
"WQS1429",TRUE,0.940502486412941,0.699384245456359
"WQS1430",TRUE,0.940442227954516,0.699429058221275
"WQS1432",TRUE,0.940219558637376,0.699594701862009
"WQS1433",TRUE,0.941085455248433,0.69895100188973
"WQS1434",TRUE,0.707624912735963,0.929549836320108
"WQS1435",TRUE,0.860572088152852,0.76434343021931
"WQS1436",TRUE,0.939523058743032,0.700113334833703
"WQS1437",FALSE,0.706933650125214,0.930458780245131
"WQS1438",TRUE,0.707336288709407,0.9299291331566
"WQS1439",TRUE,0.935501513254639,0.703122990706165
"WQS1440",FALSE,0.941649210917074,0.698532547135189
"WQS1441",TRUE,0.941309279706145,0.698784805367144
"WQS1442",TRUE,0.943847996939254,0.69690524739449
"WQS1443",TRUE,0.940366844423125,0.69948512722528
"WQS1444",TRUE,0.922223452540376,0.713246469711685
"WQS1445",TRUE,0.906746416142929,0.725420702083107
"WQS1446",TRUE,0.857842209518231,0.76677577124487
"WQS1447",TRUE,0.938468124249533,0.700900334079804
"WQS1448",TRUE,0.87080884357852,0.755358224322436
"WQS1449",TRUE,0.946029751417082,0.695298029289725
"WQS1450",TRUE,0.913068780065515,0.720397670110403
"WQS1451",TRUE,0.942493649620152,0.697906688363198
"WQS1452",TRUE,0.857230005836891,0.767323375676262
"WQS1453",TRUE,0.903328737286786,0.728165278772613
"WQS1454",TRUE,0.907880190177108,0.724514786121093
"WQS1455",TRUE,0.848710150225452,0.775026222597919
"WQS1456",TRUE,0.908352112939032,0.724138373699026
"WQS1457",TRUE,0.911305973307569,0.721791188773152
"WQS1458",TRUE,0.913780650957805,0.719836452129164
"WQS1459",TRUE,0.943800453839877,0.696940353369804
"WQS1460",FALSE,0.836097300277822,0.786717791806261
"WQS1461",FALSE,0.833996690945099,0.78869931853608
"WQS1462",TRUE,0.839767679841514,0.783279277828224
"WQS1463",TRUE,0.851615900327375,0.77238179977251
"WQS1464",TRUE,0.800570879022773,0.821629463480689
"WQS1465",TRUE,0.848671632370241,0.7750613979787
"WQS1466",FALSE,0.848912441455336,0.774841538053195
"WQS1467",TRUE,0.851876837922897,0.772145212227592
"WQS1468",TRUE,0.911402564530403,0.721714692725996
"WQS1469",TRUE,0.914325673931032,0.719407362785441
"WQS1470",TRUE,0.9118021536824,0.721398407706394
"WQS1471",TRUE,0.854635337105004,0.769652965717387
"WQS1472",TRUE,0.917378462128966,0.717013369033373
"WQS1473",TRUE,0.899962372796311,0.730889025688876
"WQS1474",TRUE,0.897331105835377,0.733032230279577
"WQS1475",TRUE,0.846146047528856,0.777374808676056
"WQS1476",TRUE,0.912154398359109,0.721119826854997
"WQS1477",TRUE,0.855311134494302,0.769044848455818
"WQS1478",TRUE,0.779253091259322,0.844106528659056
"WQS1479",TRUE,0.862463284558303,0.76266738954182
"WQS1480",TRUE,0.869110428175398,0.756834345194392
"WQS1481",FALSE,0.727240687681256,0.90447720122343
"WQS1482",TRUE,0.864878143783637,0.760537916858606
"WQS1483",TRUE,0.863909712504785,0.76139046973164
"WQS1484",TRUE,0.772987987513788,0.850948051502562
"WQS1485",FALSE,0.698444120255401,0.941768428903398
"WQS1486",TRUE,0.787023957557981,0.835772044158244
"WQS1487",FALSE,0.892003765777399,0.73741014000819
"WQS1488",TRUE,0.850631189503646,0.773275927248287
"WQS1489",FALSE,0.834231716649068,0.788477120543771
"WQS1490",TRUE,0.777922109676947,0.845550748111405
"WQS1491",TRUE,0.854007428342186,0.770218852881203
"WQS1494",TRUE,0.901454340107734,0.729679355397117
"WQS1495",TRUE,0.907393216581059,0.724903613769725
"WQS1497",FALSE,0.848311899818522,0.77539006814647
"WQS1499",TRUE,0.704499549180207,0.933673587974845
"WQS1500",TRUE,0.778476589131137,0.844948494268645
"WQS1501",TRUE,0.898754849054302,0.731871012993002
"WQS1502",TRUE,0.818589198013971,0.803544223898393
"WQS1503",TRUE,0.680015180424498,0.967291085177145
"WQS1504",TRUE,0.904114340838157,0.727532560981123
"WQS1505",TRUE,0.777993212681771,0.845473470831935
"WQS1506",TRUE,0.835347314711867,0.787424117160929
"WQS1507",TRUE,0.999999983879028,0.657772632413679
"WQS1508",TRUE,0.999999990921854,0.657772632255979
"WQS1509",TRUE,0.999999982454238,0.657772633350867
"WQS1510",TRUE,0.999999984154158,0.657772632255979
"WQS1511",TRUE,0.99999998440942,0.657772632255979
"WQS1512",TRUE,0.999999984091407,0.657772632273982
"WQS1513",TRUE,0.999999954999517,0.657772651409832
"WQS1514",TRUE,0.999999984274456,0.657772632255979
"WQS1515",TRUE,0.999999956304912,0.657772650551179
"WQS1516",TRUE,0.999999984132256,0.657772632255979
"WQS1517",TRUE,0.999999984191468,0.657772632255979
"WQS1518",TRUE,0.999999955086174,0.657772651352831
"WQS1519",TRUE,0.999999973263685,0.657772639396161
"WQS1520",TRUE,0.99999997259892,0.657772639833425
"WQS1521",TRUE,0.9999999726277,0.657772639814495
"WQS1522",TRUE,0.999999973134351,0.657772639481234
"WQS1523",TRUE,0.999999973051349,0.65777263953583
"WQS1524",TRUE,0.999999973631481,0.657772639154235
"WQS1525",TRUE,0.999999973779875,0.657772639056625
"WQS1526",TRUE,0.99999998401805,0.657772632322234
"WQS1527",TRUE,0.999999972569077,0.657772639853056
"WQS1528",TRUE,0.999999973295539,0.657772639375209
"WQS1529",TRUE,0.999999984419659,0.657772632255979
"WQS1530",TRUE,0.999999984054952,0.657772632297961
"WQS1531",TRUE,0.999999984037363,0.65777263230953
"WQS1532",TRUE,0.999999956315307,0.657772650544341
"WQS1533",TRUE,0.999999956179537,0.657772650633647
"WQS1534",TRUE,0.999999984359997,0.657772632255979
"WQS1535",TRUE,0.728921758103678,0.902391257356577
"WQS1536",TRUE,0.74751584702698,0.879944718798723
"WQS1537",TRUE,0.870895539120299,0.755283030240536
"WQS1538",TRUE,0.759375401629201,0.866202171414201
"WQS1539",TRUE,0.736986526532215,0.892516481820638
"WQS1540",FALSE,0.742643213361641,0.885718215658739
"WQS1541",TRUE,0.739657223442817,0.889293852560608
"WQS1542",TRUE,0.73246370383181,0.898027599686747
"WQS1543",TRUE,0.767695179859089,0.856814838840697
"WQS1544",TRUE,0.757631631729378,0.868195827975537
"WQS1545",FALSE,0.744370777533331,0.883662606946297
"WQS1546",TRUE,0.751776743936988,0.874957395416421
"WQS1547",TRUE,0.861248500119813,0.763743126075968
"WQS1548",FALSE,0.76133471885022,0.863972974729333
"WQS1549",FALSE,0.751312750456483,0.875497748986817
"WQS1550",TRUE,0.761673367487665,0.863588842523625
"WQS1551",TRUE,0.741698326553611,0.886846576648167
"WQS1552",TRUE,0.758304487063683,0.867425464349791
"WQS1553",TRUE,0.730225649895093,0.900779946451132
"WQS1554",TRUE,0.739409590144025,0.889591683117907
"WQS1555",TRUE,0.761829149924123,0.863412251782775
"WQS1556",FALSE,0.535814213284904,1.2276132388821
"WQS1557",FALSE,0.529271386682292,1.24278893278731
"WQS1558",TRUE,0.632033419369512,1.04072443268255
"WQS1559",FALSE,0.530235493201606,1.24052921813675
"WQS1561",TRUE,0.603047375269414,1.09074783969648
"WQS1562",TRUE,0.503530735644902,1.30632069751868
"WQS1563",FALSE,0.479432126951384,1.37198277886047
"WQS1564",FALSE,0.432611180071358,1.52047069542042
"WQS1565",FALSE,0.501771235030863,1.31090141460438
"WQS1566",FALSE,0.531442813244498,1.23771101126383
"WQS1567",FALSE,0.497379659722477,1.32247591744456
"WQS1568",FALSE,0.538242051777108,1.22207586649535
"WQS1569",FALSE,0.529943251613617,1.24121331823153
"WQS1570",TRUE,0.525222166716456,1.25237026061173
"WQS1571",FALSE,0.562095577557384,1.17021490307419
"WQS1572",TRUE,0.531541444093503,1.23748134622225
"WQS1573",TRUE,0.512936724167756,1.28236601283908
"WQS1574",FALSE,0.540211266872866,1.21762107187695
"WQS1575",TRUE,0.763693886887175,0.861304029145544
"WQS1576",TRUE,0.497483613939721,1.32219957276713
"WQS1577",TRUE,0.51135339502632,1.28633666698524
"WQS1578",TRUE,0.495708668652857,1.32693386943851
"WQS1579",TRUE,0.521364772635138,1.2616361064925
"WQS1580",TRUE,0.658436187895031,0.998992208968028
"WQS1581",FALSE,0.537519139822286,1.22371944192949
"WQS1582",FALSE,0.518878489439281,1.26768142290993
"WQS1583",TRUE,0.634842478624343,1.03611942167936
"WQS1584",FALSE,0.628941877413639,1.04584007748803
"WQS1585",TRUE,0.552744496241048,1.19001206937915
"WQS1586",TRUE,0.757910993439189,0.867875815898851
"WQS1587",TRUE,0.741512311349339,0.887069050293701
"WQS1588",TRUE,0.555381396065509,1.18436200144551
"WQS1589",TRUE,0.537289412296361,1.22424266467199
"WQS1590",FALSE,0.445261199671305,1.4772736144432
"WQS1591",FALSE,0.441767804816282,1.48895554324809
"WQS1592",TRUE,0.736177667911124,0.893497114190043
"WQS1593",FALSE,4.04179443670026e-08,3.32990131266268
"WQS1594",FALSE,3.82698808963206e-08,3.32990131266268
"WQS1595",FALSE,3.67789287241179e-08,3.32990131266268
"WQS1596",FALSE,3.89930288324017e-08,3.32990131266268
"WQS1597",FALSE,3.98949002170568e-08,3.32990131266268
"WQS1598",FALSE,3.82348755606216e-08,3.32990131266268
"WQS1599",FALSE,3.95538678066669e-08,3.32990131266268
"WQS1600",FALSE,4.07382643241091e-08,3.32990131266268
"WQS1601",FALSE,4.01077965882471e-08,3.32990131266268
"WQS1602",FALSE,3.98664783742665e-08,3.32990131266268
"WQS1603",FALSE,3.82142449595676e-08,3.32990131266268
"WQS1604",FALSE,4.7733502881547e-08,3.32990131266268
"WQS1605",FALSE,3.94432010097741e-08,3.32990131266268
"WQS1606",FALSE,8.86830468520403e-09,3.32990131266268
"WQS1607",FALSE,4.95872353590331e-08,3.32990131266268
"WQS1608",FALSE,4.94053067156709e-08,3.32990131266268
"WQS1609",FALSE,4.96637228624377e-08,3.32990131266268
"WQS1610",FALSE,6.27340385950849e-09,3.32990131266268
"WQS1611",FALSE,1.08049059267637e-08,3.32990131266268
"WQS1613",FALSE,3.81468973760427e-08,3.32990131266268
"WQS1614",FALSE,1.72494262717797e-08,3.32990131266268
"WQS1615",FALSE,7.37899709442855e-09,3.32990131266268
"WQS1616",FALSE,4.05449148421031e-08,3.32990131266268
"WQS1617",FALSE,1.13386043446331e-08,3.32990131266268
"WQS1618",FALSE,1.66104359419097e-08,3.32990131266268
"WQS1619",FALSE,1.57485689356002e-08,3.32990131266268
"WQS1620",FALSE,1.69827077552846e-08,3.32990131266268
"WQS1621",FALSE,4.63863498392313e-08,3.32990131266268
"WQS1622",FALSE,1.0431214752169e-08,3.32990131266268
"WQS1623",FALSE,1.12546934717209e-08,3.32990131266268
"WQS1624",FALSE,1.24121211130722e-08,3.32990131266268
"WQS1625",FALSE,1.91974857418383e-08,3.32990131266268
"WQS1626",FALSE,1.19251811642365e-08,3.32990131266268
"WQS1627",FALSE,4.77577944253808e-08,3.32990131266268
"WQS1628",FALSE,1.14527308824281e-08,3.32990131266268
"WQS1629",FALSE,1.22768198444961e-08,3.32990131266268
"WQS1630",FALSE,1.04463267906161e-08,3.32990131266268
"WQS1631",FALSE,4.1969943210625e-08,3.32990131266268
"WQS1632",FALSE,3.80979297688508e-08,3.32990131266268
"WQS1633",FALSE,1.09222584540658e-08,3.32990131266268
"WQS1634",FALSE,1.77262694752974e-08,3.32990131266268
"WQS1635",FALSE,3.88422530916824e-08,3.32990131266268
"WQS1636",FALSE,1.06264209769173e-08,3.32990131266268
"WQS1637",FALSE,1.0377912628771e-08,3.32990131266268
"WQS1638",FALSE,1.25663262227106e-08,3.32990131266268
"WQS1639",FALSE,1.01511472669194e-08,3.32990131266268
"WQS1640",FALSE,3.77608931375353e-08,3.32990131266268
"WQS1641",FALSE,1.03396683835813e-08,3.32990131266268
"WQS1642",FALSE,1.09687205771575e-08,3.32990131266268
"WQS1643",FALSE,1.1816062204498e-08,3.32990131266268
"WQS1644",FALSE,1.18331958893177e-08,3.32990131266268
"WQS1645",FALSE,1.20826276258815e-08,3.32990131266268
"WQS1647",FALSE,6.85591238033656e-09,3.32990131266268
"WQS1655",TRUE,0.999999976587726,0.657772637209698
"WQS1656",TRUE,0.999999976372123,0.657772637351516
"WQS1657",TRUE,0.999999976472805,0.65777263728529
"WQS1658",TRUE,0.999999976645052,0.657772637171991
"WQS1659",TRUE,0.999999976356811,0.657772637361588
"WQS1660",TRUE,0.96311520436126,0.682963594418573
"WQS1661",TRUE,0.963708962692386,0.682542808330926
"WQS1662",TRUE,0.963539465730572,0.682662874956565
"WQS1663",TRUE,0.963273035094891,0.68285169193483
"WQS1664",TRUE,0.961371738376861,0.684202161923649
"WQS1665",TRUE,0.963465810775281,0.682715063112047
"WQS1666",TRUE,0.961984834611749,0.683766103314111
"WQS1667",TRUE,0.963441513383101,0.68273228075879
"WQS1668",TRUE,0.963781912600116,0.682491145777148
"WQS1669",TRUE,0.963596621161164,0.682622383022793
"WQS1670",TRUE,0.964289519735502,0.682131878805618
"WQS1671",TRUE,0.963738821138831,0.682521661867339
"WQS1672",TRUE,0.960589802108565,0.684759114000467
"WQS1673",FALSE,0.875006661210932,0.75173441639798
"WQS1674",TRUE,0.960957711346653,0.684496949286108
"WQS1675",TRUE,0.966162547246506,0.680809480438203
"WQS1676",TRUE,0.960885125681618,0.684548656472483
"WQS1677",TRUE,0.9668904575476,0.680296942301101
"WQS1678",TRUE,0.966132249522197,0.680830830494529
"WQS1679",TRUE,0.964977772099642,0.681645360989543
"WQS1680",TRUE,0.965663628179688,0.681161226968516
"WQS1681",TRUE,0.9664392298208,0.680614571007958
"WQS1682",TRUE,0.965813846124058,0.681055282495147
"WQS1683",FALSE,0.754046795539545,0.872323343459191
"WQS1684",TRUE,0.944740227653462,0.696247076768939
"WQS1685",TRUE,0.967225413438643,0.680061351439533
"WQS1686",TRUE,0.965929660146565,0.680973624632189
"WQS1687",TRUE,0.963496058956714,0.682693629823447
"WQS1688",TRUE,0.942085929889363,0.69820873122157
"WQS1689",TRUE,0.943294569677051,0.697314118997782
"WQS1690",FALSE,0.836920765390786,0.785943722525046
"WQS1691",TRUE,0.923063662924456,0.712597243537662
"WQS1692",TRUE,0.953834671862746,0.689608630524176
"WQS1693",TRUE,0.946417849281941,0.695012908208362
"WQS1694",TRUE,0.920878097804512,0.714288485498739
"WQS1695",FALSE,0.967120266459342,0.680135288879708
"WQS1696",TRUE,0.795840976194278,0.826512634415008
"WQS1697",TRUE,0.963559776816684,0.682648484957343
"WQS1698",TRUE,0.958449979254224,0.68628789821829
"WQS1699",TRUE,0.958004058150626,0.686607343897414
"WQS1700",TRUE,0.957927969490034,0.686661881435531
"WQS1701",TRUE,0.911821209877769,0.721383331166337
"WQS1702",TRUE,0.967285671575426,0.680018986261241
"WQS1703",TRUE,0.958211048303522,0.686459024840412
"WQS1704",TRUE,0.804674331475608,0.817439548001394
"WQS1705",TRUE,0.956499803038611,0.687687148204454
"WQS1706",TRUE,0.9639088862779,0.68240124266279
"WQS1707",TRUE,0.964817332184301,0.68175871210831
"WQS1709",TRUE,0.922912719336487,0.712713789753206
"WQS1710",TRUE,0.966023482527747,0.680907486936636
"WQS1711",TRUE,0.966491171135288,0.680577993316889
"WQS1712",FALSE,0.796937674334335,0.82537523697718
"WQS1713",TRUE,0.815451616382587,0.806635989916459
"WQS1714",TRUE,0.81683682468167,0.805268080397926
"WQS1715",TRUE,0.813202561597692,0.808866883691838
"WQS1716",TRUE,0.804431253157773,0.817686557089467
"WQS1717",TRUE,0.814681195951853,0.807398802228668
"WQS1718",TRUE,0.962859132581259,0.683145228156449
"WQS1719",TRUE,0.907904030963786,0.72449576097981
"WQS1720",TRUE,0.908338966832266,0.724148853928018
"WQS1721",TRUE,0.909193673638048,0.723468102431612
"WQS1722",TRUE,0.909057912782216,0.723576146866815
"WQS1723",TRUE,0.906370530838897,0.725721544808986
"WQS1724",TRUE,0.906307049957562,0.725772376856767
"WQS1725",TRUE,0.965571207061917,0.681226425352144
"WQS1726",TRUE,0.940087315131166,0.699693114908129
"WQS1727",TRUE,0.904141510382913,0.72751069855334
"WQS1728",TRUE,0.90455744905077,0.727176170512998
"WQS1729",TRUE,0.907289593535112,0.724986406211094
"WQS1730",TRUE,0.907939842451316,0.724467184999666
"WQS1731",TRUE,0.904921692973843,0.726883471704726
"WQS1732",TRUE,0.904973424341606,0.726841920566113
"WQS1733",TRUE,0.855116481369097,0.76921990879723
"WQS1734",TRUE,0.853454166700399,0.770718156257655
"WQS1735",TRUE,0.940465325292923,0.699411880608008
"WQS1736",TRUE,0.908250359949844,0.72421950027751
"WQS1737",TRUE,0.908160175672115,0.724291418441618
"WQS1738",TRUE,0.94309450644705,0.697462043637379
"WQS1739",TRUE,0.779694966417291,0.843628149649624
"WQS1740",FALSE,0.706829362434017,0.930596062880945
"WQS1741",TRUE,0.948061199101358,0.693808187101455
"WQS1742",TRUE,0.942396179046417,0.69797887176848
"WQS1743",TRUE,0.815822311931487,0.806269468473405
"WQS1744",TRUE,0.855729740628833,0.76866864686318
"WQS1745",TRUE,0.903713343517898,0.727855383045716
"WQS1746",TRUE,0.9394186245824,0.700191165682014
"WQS1747",TRUE,0.96459683519889,0.681914555187317
"WQS1748",TRUE,0.939588821815089,0.700064332969677
"WQS1749",TRUE,0.895074847834419,0.734880019700238
"WQS1750",TRUE,0.935845394291918,0.702864624671718
"WQS1751",FALSE,0.878815533140284,0.748476326379117
"WQS1752",TRUE,0.946414730157979,0.695015198780716
"WQS1753",TRUE,0.941660283603239,0.698524333311366
"WQS1754",TRUE,0.965408966457082,0.681340908012984
"WQS1755",TRUE,0.910898210712908,0.722114297814839
"WQS1756",TRUE,0.965811407417381,0.681057002182917
"WQS1757",TRUE,0.963666800976381,0.68257267049492
"WQS1758",TRUE,0.887656315469165,0.741021733689895
"WQS1759",TRUE,0.970128514160131,0.678026274054215
"WQS1760",TRUE,0.830332397869699,0.792179883017122
"WQS1761",TRUE,0.893741216092409,0.735976600347067
"WQS1762",TRUE,0.953187480231648,0.690076858384554
"WQS1763",TRUE,0.96645837819754,0.680601086035905
"WQS1764",TRUE,0.894160387314605,0.735631583708608
"WQS1765",TRUE,0.967480700468141,0.679881905128923
"WQS1766",FALSE,0.868513881140585,0.757354184075812
"WQS1767",TRUE,0.911504645598958,0.721633866580588
"WQS1768",TRUE,0.97040726270929,0.677831511661715
"WQS1769",TRUE,0.96619388519717,0.680787398768844
"WQS1770",TRUE,0.874183024258369,0.75244268483454
"WQS1771",TRUE,0.969518315606821,0.678453012409616
"WQS1772",TRUE,0.965398079571673,0.681348591558816
"WQS1773",TRUE,0.96919544251085,0.678679028974469
"WQS1774",TRUE,0.96706587710538,0.680173540791852
"WQS1775",TRUE,0.970481475173742,0.677779678063392
"WQS1776",TRUE,0.969854973277325,0.678217506672163
"WQS1777",FALSE,0.924577620509772,0.711430395045769
"WQS1778",TRUE,0.966608238997856,0.680495567151072
"WQS1779",TRUE,0.934946810423745,0.703540152740478
"WQS1780",TRUE,0.934522660316719,0.703859467235197
"WQS1781",TRUE,0.934760176682177,0.703680621209637
"WQS1782",TRUE,0.933677645772886,0.704496487398763
"WQS1783",TRUE,0.931041992164716,0.706490821407951
"WQS1784",TRUE,0.894291647796778,0.735523610703809
"WQS1785",TRUE,0.936119223029873,0.702659026358606
"WQS1786",TRUE,0.937406541841599,0.701694080902728
"WQS1787",TRUE,0.936394440797963,0.702452506284866
"WQS1788",TRUE,0.935311426479108,0.703265888973332
"WQS1789",TRUE,0.937855107354342,0.701358468543504
"WQS1791",TRUE,0.940467466165093,0.69941028847273
"WQS1792",FALSE,0.571571009309597,1.15081522872245
"WQS1793",FALSE,0.908496328572128,0.724023423235576
"WQS1794",TRUE,0.898622004485843,0.731979206525326
"WQS1795",TRUE,0.621619718111346,1.05815919708635
"WQS1796",FALSE,0.914565567147198,0.71921866013558
"WQS1797",TRUE,0.929975398296184,0.707301099593447
"WQS1798",FALSE,0.787935403913376,0.834805262643153
"WQS1799",TRUE,0.945824716313051,0.695448755424609
"WQS1800",TRUE,0.937260414204516,0.701803481552155
"WQS1801",TRUE,0.856572720661852,0.767912175981393
"WQS1802",TRUE,0.712285966300422,0.923467052462347
"WQS1803",TRUE,0.945864962671325,0.695419164224092
"WQS1804",TRUE,0.926389936149756,0.710038609166639
"WQS1805",TRUE,0.78248372367782,0.840621474806007
"WQS1806",TRUE,0.71677568167971,0.917682670634562
"WQS1807",TRUE,0.848697647676358,0.775037639859914
"WQS1808",TRUE,0.93767965823939,0.701489699632382
"WQS1809",TRUE,0.907477609369127,0.724836199834202
"WQS1810",TRUE,0.808701889456261,0.813368474076405
"WQS1811",TRUE,0.911428308385618,0.72169430744897
"WQS1812",FALSE,0.805812535142233,0.81628492127346
"WQS1813",TRUE,0.620266131463929,1.06046838355868
"WQS1814",TRUE,0.928657051981748,0.708305203095225
"WQS1815",TRUE,0.90839796510995,0.724101822189936
"WQS1816",TRUE,0.903820193841665,0.727769335418253
"WQS1817",TRUE,0.89866169876733,0.731946874682646
"WQS1818",TRUE,0.909765914764873,0.723013042294231
"WQS1819",TRUE,0.792994815933766,0.829479094431664
"WQS1820",TRUE,0.581923269586951,1.13034253171665
"WQS1821",FALSE,0.867835116726376,0.757946537460914
"WQS1822",TRUE,0.927101378813477,0.709493736975751
"WQS1823",TRUE,0.937071783238616,0.701944753406634
"WQS1824",TRUE,0.940024945493836,0.699739538788716
"WQS1825",TRUE,0.920643395689383,0.714470580997544
"WQS1826",FALSE,0.674433963183638,0.975295815033922
"WQS1827",TRUE,0.958964400137035,0.685919750217787
"WQS1829",TRUE,0.979904799156312,0.671261761730405
"WQS1832",TRUE,0.930323161185333,0.707036704290659
"WQS1833",TRUE,0.859592348400698,0.765214607870293
"WQS1834",TRUE,0.92391341173215,0.71194184807487
"WQS1837",TRUE,0.972864967056239,0.676119136862414
"WQS1838",TRUE,0.971495994567639,0.677071882424471
"WQS1839",TRUE,0.964135063559212,0.682241157563032
"WQS1840",TRUE,0.932859521251376,0.7051143358942
"WQS1841",TRUE,0.97958183024327,0.671483077270219
"WQS1842",TRUE,0.890939425533878,0.738291070030477
"WQS1843",TRUE,0.971077659102709,0.677363561651224
"WQS1844",TRUE,0.972559177531626,0.676331720481199
"WQS1845",TRUE,0.971046814068224,0.677385077918119
"WQS1846",TRUE,0.96989871151925,0.678186921992513
"WQS1847",TRUE,0.952303424198504,0.690717480474621
"WQS1848",TRUE,0.951261539043728,0.691474000379519
"WQS1849",TRUE,0.970705410056296,0.67762331907844
"WQS1850",TRUE,0.971114093598892,0.677338148159376
"WQS1851",TRUE,0.971720829348312,0.676915222915292
"WQS1852",TRUE,0.971696319425575,0.676932297323707
"WQS1853",TRUE,0.953680509568765,0.689720105643321
"WQS1854",TRUE,0.98015617547526,0.671089606195465
"WQS1855",TRUE,0.981226864559246,0.670357330774069
"WQS1856",TRUE,0.971403518974463,0.677136338258454
"WQS1857",TRUE,0.980894120724655,0.670584732757703
"WQS1858",TRUE,0.99014365313706,0.664320394041543
"WQS1859",TRUE,0.929156535482751,0.707924441889647
"WQS1860",TRUE,0.980788431020413,0.670656994929475
"WQS1861",TRUE,0.980779041923455,0.670663415196713
"WQS1862",TRUE,0.981440879042072,0.670211151640391
"WQS1863",TRUE,0.987729540501354,0.665944061444058
"WQS1864",TRUE,0.98062292429227,0.670770186495965
"WQS1865",TRUE,0.983078024259517,0.669095031704323
"WQS1866",TRUE,0.969004749567439,0.678812587970671
"WQS1867",TRUE,0.97122175090903,0.677263067053526
"WQS1868",TRUE,0.911855401817914,0.721356281377926
"WQS1869",TRUE,0.942733104081159,0.697729419877376
"WQS1870",TRUE,0.941711507242613,0.698486337642556
"WQS1871",TRUE,0.916055277624871,0.718049049960395
"WQS1872",TRUE,0.908625482457456,0.723920509064683
"WQS1873",TRUE,0.93093382846647,0.70657290743564
"WQS1874",FALSE,0.864914097495354,0.76050630197212
"WQS1875",TRUE,0.980225348064624,0.671042248711956
"WQS1876",TRUE,0.91671171339257,0.717534871868778
"WQS1877",TRUE,0.973142906001651,0.675926030753626
"WQS1878",TRUE,0.983032945869467,0.669125714019648
"WQS1879",TRUE,0.915944080713153,0.718136222134438
"WQS1880",FALSE,0.955684952112619,0.688273494686387
"WQS1882",TRUE,0.911230904836098,0.721850650936885
"WQS1883",TRUE,0.904412793460804,0.727292478131284
"WQS1884",TRUE,0.962368075207517,0.683493809442825
"WQS1885",TRUE,0.965067286616774,0.6815821351853
"WQS1886",TRUE,0.980339375318454,0.670964197062955
"WQS1887",TRUE,0.950640928244841,0.691925418174646
"WQS1888",TRUE,0.970746198672256,0.677594846839902
"WQS1889",TRUE,0.922911523136041,0.712714713512995
"WQS1890",TRUE,0.956992685829655,0.687332966645921
