indicator,model,term,OR,lo,hi,n,stations,PA_OR_approx,AME_pp,baseline_prob,station_var
ADV_BOD,"C1 within-state, GLMM (rev 19 specification)",log10 density (within state),4.60762806159059,3.14905087627133,6.7417889351775,7325,1134,2.11499762572327,15.555146852908,0.429686055736371,3.62758212097037
ADV_BOD,"C1 within-state, GLMM (rev 19 specification)",rain climate per SD (within state),0.705715262050599,0.488613459501979,1.01928021303131,7325,1134,,,,3.62758212097037
ADV_BOD,C1 + sampling frequency 2023,log10 density (within state),4.56523716128391,3.0916933355972,6.74109236475804,7325,1134,,,,
ADV_BOD,"C2 GLM state+year FE (population-averaged), unweighted",log10 density,2.85122422617237,2.20816729492728,3.68155058114832,7325,1134,,16.1103409070166,0.409283275316604,
ADV_BOD,"C2 GLM state+year FE, inverse-probability-of-location weights",log10 density,2.88006686789749,2.21669851588799,3.74195457979908,7325,1134,,,,
ADV_BOD,C2 GLM state+year FE + sampling frequency 2023,log10 density,2.79607679558049,2.15159239819552,3.63360897414419,7325,1134,,,,
ADV_BOD,LOSO without ASSAM,log10 density (within state),3.44969240856185,2.38059211587331,4.99891503224764,6876,1068,,,,
ADV_BOD,LOSO without BIHAR,log10 density (within state),3.71993566698885,2.558381012641,5.40885868764754,6640,1046,,,,
ADV_BOD,LOSO without GUJARAT,log10 density (within state),3.21994728285136,2.23170162405931,4.64580945434949,6993,1092,,,,
ADV_BOD,LOSO without HIMACHAL PRADESH,log10 density (within state),2.83366674516008,1.9512930695874,4.11504932179356,6494,1004,,,,
ADV_BOD,LOSO without JAMMU & KASHMIR,log10 density (within state),2.8050242842361,1.94652248362465,4.04216303759452,6963,1083,,,,
ADV_BOD,LOSO without JHARKHAND,log10 density (within state),3.18098374409023,2.21730532111958,4.56349312103626,7132,1101,,,,
ADV_BOD,LOSO without KARNATAKA,log10 density (within state),3.30011211926737,2.25714942851552,4.82499734494671,6981,1085,,,,
ADV_BOD,LOSO without MADHYA PRADESH,log10 density (within state),3.27886409169955,2.26740775850299,4.74151580875548,6856,1056,,,,
ADV_BOD,LOSO without MAHARASHTRA,log10 density (within state),3.37817108309449,2.34111121617124,4.87462525822229,6447,1019,,,,
ADV_BOD,LOSO without MEGHALAYA,log10 density (within state),3.26305178597768,2.28392429256889,4.66193515810286,7156,1092,,,,
ADV_BOD,LOSO without MIZORAM,log10 density (within state),2.95654598840186,2.06861929567746,4.22560313528954,7176,1092,,,,
ADV_BOD,LOSO without NAGALAND,log10 density (within state),3.3188310305236,2.31305579512622,4.76194280845926,7195,1114,,,,
ADV_BOD,LOSO without PUNJAB,log10 density (within state),3.38639729579098,2.39729467497861,4.78359492666156,7061,1095,,,,
ADV_BOD,LOSO without RAJASTHAN,log10 density (within state),3.28991900806442,2.30115992479098,4.70352667062317,7203,1110,,,,
ADV_BOD,LOSO without SIKKIM,log10 density (within state),3.22575983239419,2.25672594556142,4.61089505207913,7230,1106,,,,
ADV_BOD,LOSO without TAMIL NADU,log10 density (within state),3.24782778761287,2.2558710660667,4.675969959747,7074,1098,,,,
ADV_BOD,LOSO without UTTAR PRADESH,log10 density (within state),3.39812704889633,2.3240483415794,4.96860036594312,6573,1025,,,,
ADV_BOD,LOSO without UTTARAKHAND,log10 density (within state),2.97705805288626,2.07391150587541,4.27350666850844,7049,1094,,,,
ADV_BOD,LOSO without WEST BENGAL,log10 density (within state),3.50362522941426,2.41704055640058,5.07868588124498,6964,1078,,,,
ADV_BOD,state slope: ASSAM,log10 density,2.01024774371221,0.487822436164906,8.28394860816522,449,66,,,0.189309576837416,0.722480494751983
ADV_BOD,state slope: BIHAR,log10 density,0.422115859303781,0.158851013899577,1.12169128985486,685,88,,,0.197080291970803,0.498629122971574
ADV_BOD,state slope: GUJARAT,log10 density,4.17411028073777,1.32840245876613,13.1159021279922,332,42,,,0.25,0.584144983541097
ADV_BOD,state slope: HIMACHAL PRADESH,log10 density,20.6918449845733,3.300320974217,129.730548092278,831,130,,,0.0794223826714801,0.936591801986331
ADV_BOD,state slope: JAMMU & KASHMIR,log10 density,11.3196031981121,3.8696947425827,33.1120217707897,362,51,,,0.339779005524862,0.547632853543514
ADV_BOD,state slope: JHARKHAND,log10 density,13.0823344289034,1.95673170052544,87.4659893656926,193,33,,,0.181347150259067,0.969381235498468
ADV_BOD,state slope: KARNATAKA,log10 density,2.03029055553116,0.743220321706505,5.5462419682152,344,49,,,0.412790697674419,0.512725337728591
ADV_BOD,state slope: MADHYA PRADESH,log10 density,3.46720633157881,1.40740567221336,8.54161666609921,469,78,,,0.300639658848614,0.460000569956147
ADV_BOD,state slope: MAHARASHTRA,log10 density,1.18323993938408,0.563344554145407,2.48525834473988,878,115,,,0.945330296127563,0.378632769678849
ADV_BOD,state slope: MIZORAM,log10 density,73.2630321073393,2.97948780589903,1801.47469069485,149,42,,,0.120805369127517,1.6338289470771
ADV_BOD,state slope: NAGALAND,log10 density,4.21092546681044,0.715696803417959,24.7757055814004,130,20,,,0.353846153846154,0.904174035714715
ADV_BOD,state slope: PUNJAB,log10 density,0.256998475384082,0.0302024708281737,2.18684811337127,264,39,,,0.246212121212121,1.09242164080786
ADV_BOD,state slope: RAJASTHAN,log10 density,2.83550220184544,0.46298187648734,17.3658476605405,122,24,,,0.360655737704918,0.924635935876346
ADV_BOD,state slope: SIKKIM,log10 density,639.211594797248,0.0418839109708038,9755332.14193059,95,28,,,0.0526315789473684,4.91484135000274
ADV_BOD,state slope: TAMIL NADU,log10 density,6.75558807683018,1.98867050619088,22.9489853254904,251,36,,,0.545816733067729,0.623930457909921
ADV_BOD,state slope: UTTAR PRADESH,log10 density,2.37866168461582,1.1135228200339,5.0811993324817,752,109,,,0.813829787234043,0.387249648296732
ADV_BOD,state slope: UTTARAKHAND,log10 density,7.38500219496779,1.97730261466766,27.5821500538732,276,40,,,0.344202898550725,0.672304904651455
ADV_BOD,state slope: WEST BENGAL,log10 density,1.9709252835683,0.670060437366469,5.79730761105096,361,56,,,0.565096952908587,0.550454329190164
ADV_BOD,"C3 persistent class, conditional logit by state",log10 density,3.94923821856716,2.6408148240254,5.90593568511471,979,979,,,0.344228804902962,
ADV_BOD,"C4 rainfall, year-to-year exposure per SD, all cells",rain exposure per SD,1.06081442310509,0.972240228686216,1.15745800992871,7325,1134,,,,
ADV_BOD,"C4 rainfall, year-to-year exposure per SD, flagged cells excluded",rain exposure per SD,1.06172772412674,0.971473809697315,1.16036659859166,6990,1085,,,,
ADV_BOD,C5 variance share,station_uid,0.234138909283617,,,7325,1134,,,,
ADV_BOD,C5 variance share,basin_sub,0.133556614969701,,,7325,1134,,,,
ADV_BOD,C5 variance share,state,0.474227622756878,,,7325,1134,,,,
ADV_BOD,C5 variance share,basin_main,0.158076852989804,,,7325,1134,,,,
ADV_BOD,C6 upstream GLM state+year FE: lpop5,lpop5,2.85122422617236,2.20816729492729,3.68155058114827,7325,1134,,,,
ADV_BOD,C6 upstream GLM state+year FE: lpop5 + lq,lpop5,2.86031149765311,2.21675923762704,3.69069483268036,7325,1134,,,,
ADV_BOD,C6 upstream GLM state+year FE: lpop5 + lq,lq,0.770361044550772,0.686528302707308,0.864430696623978,7325,1134,,,,
ADV_BOD,C6 upstream GLM state+year FE: lup + lq,lup,1.23735931006455,1.02538475354769,1.49315469818151,7325,1134,,,,
ADV_BOD,C6 upstream GLM state+year FE: lup + lq,lq,0.714114590403563,0.617271802016157,0.826150889383896,7325,1134,,,,
ADV_BOD,C6 upstream GLM state+year FE: lppq,lppq,1.36879714935074,1.18525756215005,1.58075822159025,7325,1134,,,,
ADV_BOD,C6 upstream GLM state+year FE: lpop5 + lppq,lpop5,2.66040402605864,2.05213743898743,3.44896469768679,7325,1134,,,,
ADV_BOD,C6 upstream GLM state+year FE: lpop5 + lppq,lppq,1.2760101186091,1.10891941238612,1.46827786095775,7325,1134,,,,
ADV_DO,"C1 within-state, GLMM (rev 19 specification)",log10 density (within state),3.76394837545504,2.54145274456483,5.57449175609853,7303,1134,1.88994303896929,14.118662574869,0.276825682205215,3.85658975369448
ADV_DO,"C1 within-state, GLMM (rev 19 specification)",rain climate per SD (within state),0.742329849075455,0.499586765589192,1.10301882032143,7303,1134,,,,3.85658975369448
ADV_DO,C1 + sampling frequency 2023,log10 density (within state),3.56148130525579,2.39279966467896,5.30096575777825,7303,1134,,,,
ADV_DO,"C2 GLM state+year FE (population-averaged), unweighted",log10 density,2.62033656473013,2.05784266918542,3.33658341100471,7303,1134,,16.2396972754956,0.254142134788513,
ADV_DO,"C2 GLM state+year FE, inverse-probability-of-location weights",log10 density,2.85380374579817,2.22288330067715,3.66379819266749,7303,1134,,,,
ADV_DO,C2 GLM state+year FE + sampling frequency 2023,log10 density,2.48980609972658,1.94627896231959,3.1851212155361,7303,1134,,,,
ADV_DO,LOSO without ASSAM,log10 density (within state),2.74790232138272,1.85994528459856,4.05977919371445,6857,1068,,,,
ADV_DO,LOSO without BIHAR,log10 density (within state),3.07054074575276,2.11574721296052,4.45621311164825,6618,1046,,,,
ADV_DO,LOSO without GUJARAT,log10 density (within state),2.71428290709893,1.83992739786102,4.00414261363474,6975,1092,,,,
ADV_DO,LOSO without HIMACHAL PRADESH,log10 density (within state),2.67634622846608,1.83802999348914,3.89701428159363,6475,1004,,,,
ADV_DO,LOSO without JAMMU & KASHMIR,log10 density (within state),2.43370433660275,1.65588386118502,3.57689143353348,6943,1083,,,,
ADV_DO,LOSO without JHARKHAND,log10 density (within state),2.70139186014342,1.86568407567241,3.91144357032635,7110,1101,,,,
ADV_DO,LOSO without KARNATAKA,log10 density (within state),2.6819397626667,1.83959099442629,3.91000005564603,6958,1085,,,,
ADV_DO,LOSO without MADHYA PRADESH,log10 density (within state),2.59697021194919,1.7609298559912,3.82993919877356,6835,1056,,,,
ADV_DO,LOSO without MAHARASHTRA,log10 density (within state),2.70363831530934,1.76368840378761,4.14453036279585,6428,1019,,,,
ADV_DO,LOSO without MEGHALAYA,log10 density (within state),2.79146352356234,1.92622109389442,4.04536562707074,7134,1092,,,,
ADV_DO,LOSO without MIZORAM,log10 density (within state),2.70328830315411,1.83895035655958,3.97387978631552,7154,1092,,,,
ADV_DO,LOSO without NAGALAND,log10 density (within state),2.82692226579904,1.93822349464528,4.12310010633368,7173,1114,,,,
ADV_DO,LOSO without PUNJAB,log10 density (within state),2.9671750528151,2.06589172637715,4.2616598351394,7026,1095,,,,
ADV_DO,LOSO without RAJASTHAN,log10 density (within state),2.9009611090336,1.99057454537277,4.22771173060965,7181,1110,,,,
ADV_DO,LOSO without SIKKIM,log10 density (within state),2.78394058403079,1.92073680334636,4.03507922684196,7208,1106,,,,
ADV_DO,LOSO without TAMIL NADU,log10 density (within state),2.63990434465307,1.81657936604617,3.83638341334163,7056,1098,,,,
ADV_DO,LOSO without UTTAR PRADESH,log10 density (within state),2.9003596706308,1.99042352651268,4.22627953647633,6571,1025,,,,
ADV_DO,LOSO without UTTARAKHAND,log10 density (within state),2.51194092366536,1.73776380086012,3.63101544689886,7022,1094,,,,
ADV_DO,LOSO without WEST BENGAL,log10 density (within state),2.86730055643777,1.97111893928158,4.1709367796673,6942,1078,,,,
ADV_DO,state slope: ASSAM,log10 density,1.73450683190037,0.660645488740257,4.55390069437361,446,66,,,0.242152466367713,0.492480119853042
ADV_DO,state slope: BIHAR,log10 density,0.409367022619972,0.127430325461981,1.31508225064322,685,88,,,0.185401459854015,0.595429781226363
ADV_DO,state slope: GUJARAT,log10 density,3.93594691705604,1.65653937497459,9.35183211936668,328,42,,,0.280487804878049,0.441541214347855
ADV_DO,state slope: JAMMU & KASHMIR,log10 density,8.80354436659633,2.69654595245567,28.7413583084133,360,51,,,0.191666666666667,0.60366465926383
ADV_DO,state slope: JHARKHAND,log10 density,8.69315357564279,0.0096164247765461,7858.52547549935,193,33,,,0.0673575129533679,3.47286658099967
ADV_DO,state slope: KARNATAKA,log10 density,8.6826210381944,2.41867757638748,31.1690606589634,345,49,,,0.139130434782609,0.65209311798337
ADV_DO,state slope: MADHYA PRADESH,log10 density,6.51675119726605,1.84695552582909,22.9935402196568,468,78,,,0.13034188034188,0.643284360887274
ADV_DO,state slope: MAHARASHTRA,log10 density,3.04604042153241,1.83549482944354,5.05496507033052,875,115,,,0.530285714285714,0.258432866211077
ADV_DO,state slope: MIZORAM,log10 density,3.34428619217163,1.04737149712297,10.6783984153397,149,42,,,0.288590604026846,0.592331421343104
ADV_DO,state slope: NAGALAND,log10 density,2.28433532376566,0.382210694401817,13.6526474738504,130,20,,,0.484615384615385,0.912172633508548
ADV_DO,state slope: PUNJAB,log10 density,0.0326034606398812,0.0024267824006837,0.438022644880233,277,39,,,0.23826714801444,1.32543478180795
ADV_DO,state slope: RAJASTHAN,log10 density,0.258482711292375,0.0457171523773469,1.46144955585999,122,24,,,0.754098360655738,0.883854723369619
ADV_DO,state slope: SIKKIM,log10 density,0.509353806028405,0.0502529825440225,5.16270451188339,95,28,,,0.0315789473684211,1.18166988573714
ADV_DO,state slope: TAMIL NADU,log10 density,19.0211761255515,3.88015654114275,93.2449857017094,247,36,,,0.408906882591093,0.811059894378988
ADV_DO,state slope: UTTAR PRADESH,log10 density,2.10983670974912,1.11971210344454,3.97549595839077,732,109,,,0.311475409836066,0.323234160194338
ADV_DO,state slope: UTTARAKHAND,log10 density,10.4712305745223,2.27750384745776,48.1433521472215,281,40,,,0.238434163701068,0.778342608099385
ADV_DO,state slope: WEST BENGAL,log10 density,2.19026561001482,0.777759997960043,6.16805114044966,361,56,,,0.354570637119114,0.528244953007066
ADV_DO,"C3 persistent class, conditional logit by state",log10 density,3.74368450806927,2.52716488445585,5.54580897438182,975,975,,,0.184615384615385,
ADV_DO,"C4 rainfall, year-to-year exposure per SD, all cells",rain exposure per SD,0.935862545713994,0.857286333220476,1.02164081069636,7303,1134,,,,
ADV_DO,"C4 rainfall, year-to-year exposure per SD, flagged cells excluded",rain exposure per SD,0.939686709502839,0.859741349340175,1.02706600385564,6971,1085,,,,
ADV_DO,C5 variance share,station_uid,0.328137654095003,,,7303,1134,,,,
ADV_DO,C5 variance share,basin_sub,0.280755819429869,,,7303,1134,,,,
ADV_DO,C5 variance share,state,0.325691743929768,,,7303,1134,,,,
ADV_DO,C5 variance share,basin_main,0.0654147825453595,,,7303,1134,,,,
ADV_DO,C6 upstream GLM state+year FE: lpop5,lpop5,2.62033656473013,2.05784266918542,3.33658341100469,7303,1134,,,,
ADV_DO,C6 upstream GLM state+year FE: lpop5 + lq,lpop5,2.71692851443111,2.13897657530562,3.45104319409115,7303,1134,,,,
ADV_DO,C6 upstream GLM state+year FE: lpop5 + lq,lq,0.694286005345084,0.622925793400477,0.773820994932115,7303,1134,,,,
ADV_DO,C6 upstream GLM state+year FE: lup + lq,lup,0.93576394981905,0.78428161677835,1.11650477462157,7303,1134,,,,
ADV_DO,C6 upstream GLM state+year FE: lup + lq,lq,0.727686082327243,0.642433141063934,0.824252362721855,7303,1134,,,,
ADV_DO,C6 upstream GLM state+year FE: lppq,lppq,1.29683441936298,1.14255909634162,1.47194094084886,7303,1134,,,,
ADV_DO,C6 upstream GLM state+year FE: lpop5 + lppq,lpop5,2.52267495869202,1.98109610380211,3.2123070329593,7303,1134,,,,
ADV_DO,C6 upstream GLM state+year FE: lpop5 + lppq,lppq,1.24313927617128,1.09409478625662,1.41248754620898,7303,1134,,,,
ADV_FC_cens,"C1 within-state, GLMM (rev 19 specification)",log10 density (within state),3.68895272266543,1.90567910756028,7.14095680436072,5258,856,1.61920754767781,8.24461448430649,0.382221718665856,7.3902377865681
ADV_FC_cens,"C1 within-state, GLMM (rev 19 specification)",rain climate per SD (within state),0.99142971639332,0.530705803126241,1.85212386365017,5258,856,,,,7.3902377865681
ADV_FC_cens,C1 + sampling frequency 2023,log10 density (within state),4.65045825104718,2.42525728577433,8.91730624688254,5258,856,,,,
ADV_FC_cens,"C2 GLM state+year FE (population-averaged), unweighted",log10 density,2.1138162716496,1.38039349096508,3.23691705266354,5258,856,,6.26856939678303,0.367440091887761,
ADV_FC_cens,"C2 GLM state+year FE, inverse-probability-of-location weights",log10 density,2.14544746231821,1.37566619939256,3.34597507418596,5258,856,,,,
ADV_FC_cens,C2 GLM state+year FE + sampling frequency 2023,log10 density,2.67983446809716,1.66905700616945,4.30273666498869,5258,856,,,,
ADV_FC_cens,LOSO without ASSAM,log10 density (within state),2.23662121715919,1.16552032467017,4.29205253924879,4813,790,,,,
ADV_FC_cens,LOSO without BIHAR,log10 density (within state),2.33694736564264,1.21547907097923,4.49314440715484,4573,768,,,,
ADV_FC_cens,LOSO without GUJARAT,log10 density (within state),2.23691654525507,1.23281585391188,4.05883458957657,4956,815,,,,
ADV_FC_cens,LOSO without HIMACHAL PRADESH,log10 density (within state),2.13991433353691,1.19604438335443,3.82864835001671,4468,726,,,,
ADV_FC_cens,LOSO without JAMMU & KASHMIR,log10 density (within state),2.15773698361413,1.1646076445208,3.99776603937023,5227,828,,,,
ADV_FC_cens,LOSO without KARNATAKA,log10 density (within state),2.52003450840089,1.33316229450003,4.76354150558459,4917,807,,,,
ADV_FC_cens,LOSO without MADHYA PRADESH,log10 density (within state),2.19400996181947,1.18900491014832,4.04849439348623,4839,780,,,,
ADV_FC_cens,LOSO without MEGHALAYA,log10 density (within state),2.26536818257242,1.25523485843591,4.08839267657534,5089,814,,,,
ADV_FC_cens,LOSO without PUNJAB,log10 density (within state),2.40307382175934,1.36200700509295,4.23989287223303,4980,817,,,,
ADV_FC_cens,LOSO without RAJASTHAN,log10 density (within state),2.23779259238259,1.23704132881941,4.04813935465001,5136,832,,,,
ADV_FC_cens,LOSO without TAMIL NADU,log10 density (within state),2.19949228512489,1.19956479925866,4.03293454035471,5006,820,,,,
ADV_FC_cens,LOSO without UTTAR PRADESH,log10 density (within state),1.97610793375195,1.04248217299971,3.74586987382325,4536,748,,,,
ADV_FC_cens,LOSO without UTTARAKHAND,log10 density (within state),2.20231884273335,1.20891331274144,4.01203976657318,5063,816,,,,
ADV_FC_cens,LOSO without WEST BENGAL,log10 density (within state),2.35028280934385,1.27389392632949,4.33617679598585,4897,800,,,,
ADV_FC_cens,state slope: ASSAM,log10 density,5.06537584078829,0.693082704953528,37.0201596794456,445,66,,,0.112359550561798,1.01481340918648
ADV_FC_cens,state slope: JAMMU & KASHMIR,log10 density,3.07423656327164,0.967854165272401,9.76482902700146,31,28,,,0.709677419354839,0.589658396475855
ADV_FC_cens,state slope: KARNATAKA,log10 density,1.41713745889271,0.301050633609466,6.67089968660258,341,49,,,0.140762463343109,0.790365190507035
ADV_FC_cens,state slope: MADHYA PRADESH,log10 density,2.38652632416687,0.472335796152365,12.0581754386115,419,76,,,0.0906921241050119,0.826481633505439
ADV_FC_cens,state slope: PUNJAB,log10 density,0.282104211635736,0.0337253878499571,2.35972931065109,278,39,,,0.18705035971223,1.08368655361416
ADV_FC_cens,state slope: TAMIL NADU,log10 density,45.6774967634545,2.23404567127887,933.926166952991,252,36,,,0.107142857142857,1.53968960218645
ADV_FC_cens,state slope: UTTAR PRADESH,log10 density,2.30022470139464,1.14281347607083,4.62983136591759,722,108,,,0.736842105263158,0.356894709676088
ADV_FC_cens,state slope: UTTARAKHAND,log10 density,1.19349212221562,0.499697845693543,2.85056951529129,195,40,,,0.112820512820513,0.444201652062472
ADV_FC_cens,"C3 persistent class, conditional logit by state",log10 density,2.16207568684933,1.18966817517646,3.92930682118287,706,706,,,0.331444759206799,
ADV_FC_cens,"C4 rainfall, year-to-year exposure per SD, all cells",rain exposure per SD,1.07059564553679,0.950704573813692,1.20560589252719,5258,856,,,,
ADV_FC_cens,"C4 rainfall, year-to-year exposure per SD, flagged cells excluded",rain exposure per SD,1.08091061237015,0.958458008780662,1.21900776166584,5073,827,,,,
ADV_FC_cens,C5 variance share,station_uid,0.208779488629367,,,5258,856,,,,
ADV_FC_cens,C5 variance share,basin_sub,0.0702740816123953,,,5258,856,,,,
ADV_FC_cens,C5 variance share,state,0.720946429758237,,,5258,856,,,,
ADV_FC_cens,C5 variance share,basin_main,2.63607649983714e-16,,,5258,856,,,,
ADV_FC_cens,C6 upstream GLM state+year FE: lpop5,lpop5,2.11381627164961,1.38039349096508,3.23691705266356,5258,856,,,,
ADV_FC_cens,C6 upstream GLM state+year FE: lpop5 + lq,lpop5,2.11887583424275,1.38094267561901,3.25113770484748,5258,856,,,,
ADV_FC_cens,C6 upstream GLM state+year FE: lpop5 + lq,lq,1.02302578881428,0.875191494950286,1.19583173581745,5258,856,,,,
ADV_FC_cens,C6 upstream GLM state+year FE: lup + lq,lup,1.28234912148273,0.984111707750232,1.6709680988623,5258,856,,,,
ADV_FC_cens,C6 upstream GLM state+year FE: lup + lq,lq,0.928694686645991,0.774257004379209,1.11393738271185,5258,856,,,,
ADV_FC_cens,C6 upstream GLM state+year FE: lppq,lppq,1.09758575264385,0.917910876805066,1.31243077606825,5258,856,,,,
ADV_FC_cens,C6 upstream GLM state+year FE: lpop5 + lppq,lpop5,2.09297232318936,1.3532144819448,3.23713144079059,5258,856,,,,
ADV_FC_cens,C6 upstream GLM state+year FE: lpop5 + lppq,lppq,1.0283306514315,0.866400848869225,1.2205250376355,5258,856,,,,
ADV_MULTI_GE2_cens,"C1 within-state, GLMM (rev 19 specification)",log10 density (within state),2.60905098763604,1.75046210722417,3.88877144383273,5158,847,1.7264014699817,10.7200656643859,0.348029820643116,2.83309601156294
ADV_MULTI_GE2_cens,"C1 within-state, GLMM (rev 19 specification)",rain climate per SD (within state),0.668235346493652,0.459577505031068,0.971628231180081,5158,847,,,,2.83309601156294
ADV_MULTI_GE2_cens,C1 + sampling frequency 2023,log10 density (within state),2.64128588258989,1.78158839274509,3.91582654106731,5158,847,,,,
ADV_MULTI_GE2_cens,"C2 GLM state+year FE (population-averaged), unweighted",log10 density,2.01383565116197,1.50074527127003,2.70234669902301,5158,847,,11.0644362083455,0.326870881343336,
ADV_MULTI_GE2_cens,"C2 GLM state+year FE, inverse-probability-of-location weights",log10 density,2.16998366658239,1.59522768005511,2.95182259692966,5158,847,,,,
ADV_MULTI_GE2_cens,C2 GLM state+year FE + sampling frequency 2023,log10 density,2.03963525853422,1.4996411054357,2.77407172474598,5158,847,,,,
ADV_MULTI_GE2_cens,LOSO without ASSAM,log10 density (within state),2.11861535554737,1.44393129824163,3.10854888333474,4717,781,,,,
ADV_MULTI_GE2_cens,LOSO without BIHAR,log10 density (within state),2.56963361973172,1.67474410102435,3.94270201376846,4474,759,,,,
ADV_MULTI_GE2_cens,LOSO without GUJARAT,log10 density (within state),1.97275750425051,1.34249021203133,2.89892033155908,4860,806,,,,
ADV_MULTI_GE2_cens,LOSO without HIMACHAL PRADESH,log10 density (within state),1.92959313724812,1.31519898428279,2.83100102707689,4374,717,,,,
ADV_MULTI_GE2_cens,LOSO without JAMMU & KASHMIR,log10 density (within state),1.93985110605346,1.32357007937446,2.84308505631625,5127,819,,,,
ADV_MULTI_GE2_cens,LOSO without KARNATAKA,log10 density (within state),2.16656337166739,1.44264972862945,3.25373287104846,4822,798,,,,
ADV_MULTI_GE2_cens,LOSO without MADHYA PRADESH,log10 density (within state),1.92023854342255,1.29858652697375,2.83948430624684,4741,771,,,,
ADV_MULTI_GE2_cens,LOSO without MEGHALAYA,log10 density (within state),2.1001378043964,1.44770635639876,3.04659765978128,5029,814,,,,
ADV_MULTI_GE2_cens,LOSO without PUNJAB,log10 density (within state),2.20443900247355,1.54358827774537,3.14821729711801,4895,808,,,,
ADV_MULTI_GE2_cens,LOSO without RAJASTHAN,log10 density (within state),2.21838563584748,1.50890971287925,3.26145082593703,5036,823,,,,
ADV_MULTI_GE2_cens,LOSO without TAMIL NADU,log10 density (within state),2.04836178748069,1.40459455975665,2.98718657513384,4911,811,,,,
ADV_MULTI_GE2_cens,LOSO without UTTAR PRADESH,log10 density (within state),2.01292132747816,1.35110919974425,2.99890806115703,4450,739,,,,
ADV_MULTI_GE2_cens,LOSO without UTTARAKHAND,log10 density (within state),1.87023106682692,1.2803966648316,2.73178175123142,4967,807,,,,
ADV_MULTI_GE2_cens,LOSO without WEST BENGAL,log10 density (within state),2.32152630807122,1.5596598683481,3.45555111626681,4797,791,,,,
ADV_MULTI_GE2_cens,state slope: ASSAM,log10 density,1.45659970088151,0.361173952341162,5.87440670861001,441,66,,,0.165532879818594,0.71147975597681
ADV_MULTI_GE2_cens,state slope: BIHAR,log10 density,0.532599833464847,0.255337213120779,1.11093318181007,684,88,,,0.343567251461988,0.375094533035407
ADV_MULTI_GE2_cens,state slope: GUJARAT,log10 density,5.67183500738563,1.50884996652333,21.3206833447663,298,41,,,0.12751677852349,0.675594362633384
ADV_MULTI_GE2_cens,state slope: JAMMU & KASHMIR,log10 density,16.3273619040817,2.94005385347047,90.6727427567975,31,28,,,0.548387096774194,0.874701248059341
ADV_MULTI_GE2_cens,state slope: KARNATAKA,log10 density,1.76751160995346,0.720433667988656,4.33641212249603,336,49,,,0.333333333333333,0.457895213766021
ADV_MULTI_GE2_cens,state slope: MADHYA PRADESH,log10 density,4.58017162306558,1.28228011063099,16.3598982178802,417,76,,,0.163069544364508,0.649539102063876
ADV_MULTI_GE2_cens,state slope: PUNJAB,log10 density,0.125662835384163,0.0125040016659504,1.26288756341004,263,39,,,0.224334600760456,1.17732330831806
ADV_MULTI_GE2_cens,state slope: RAJASTHAN,log10 density,0.64458162941206,0.153230449778978,2.71150725965244,122,24,,,0.540983606557377,0.73298901727782
ADV_MULTI_GE2_cens,state slope: TAMIL NADU,log10 density,11.2188879880223,3.14401197894768,40.032750679887,247,36,,,0.433198380566802,0.649030153430281
ADV_MULTI_GE2_cens,state slope: UTTAR PRADESH,log10 density,2.15288241264546,1.09043075484138,4.25052454004963,708,108,,,0.741525423728814,0.347058568981113
ADV_MULTI_GE2_cens,state slope: UTTARAKHAND,log10 density,3.04078327878042,1.11415429666263,8.29899680520684,191,40,,,0.172774869109948,0.512254847413938
ADV_MULTI_GE2_cens,state slope: WEST BENGAL,log10 density,1.57093306806845,0.698146690788571,3.5348311993909,361,56,,,0.650969529085873,0.413773363916433
ADV_MULTI_GE2_cens,"C3 persistent class, conditional logit by state",log10 density,2.6367329234266,1.60082397670987,4.34298874244174,690,690,,,0.242028985507246,
ADV_MULTI_GE2_cens,"C4 rainfall, year-to-year exposure per SD, all cells",rain exposure per SD,1.00666077399193,0.91578367833991,1.10655598899843,5158,847,,,,
ADV_MULTI_GE2_cens,"C4 rainfall, year-to-year exposure per SD, flagged cells excluded",rain exposure per SD,1.02225061347191,0.928440794365707,1.12553899299269,4975,818,,,,
ADV_MULTI_GE2_cens,C5 variance share,station_uid,0.218846731754591,,,5158,847,,,,
ADV_MULTI_GE2_cens,C5 variance share,basin_sub,0.116187211855007,,,5158,847,,,,
ADV_MULTI_GE2_cens,C5 variance share,state,0.486946481719966,,,5158,847,,,,
ADV_MULTI_GE2_cens,C5 variance share,basin_main,0.178019574670435,,,5158,847,,,,
ADV_MULTI_GE2_cens,C6 upstream GLM state+year FE: lpop5,lpop5,2.01383565116198,1.50074527127005,2.702346699023,5158,847,,,,
ADV_MULTI_GE2_cens,C6 upstream GLM state+year FE: lpop5 + lq,lpop5,2.01635111042538,1.50704136279427,2.69778381727713,5158,847,,,,
ADV_MULTI_GE2_cens,C6 upstream GLM state+year FE: lpop5 + lq,lq,0.800458466236781,0.713983210993112,0.89740731477273,5158,847,,,,
ADV_MULTI_GE2_cens,C6 upstream GLM state+year FE: lup + lq,lup,1.02790692229383,0.856625989806241,1.23343519047158,5158,847,,,,
ADV_MULTI_GE2_cens,C6 upstream GLM state+year FE: lup + lq,lq,0.794161933884378,0.68933508958726,0.91492974426792,5158,847,,,,
ADV_MULTI_GE2_cens,C6 upstream GLM state+year FE: lppq,lppq,1.21910047538679,1.05769039457645,1.4051427305279,5158,847,,,,
ADV_MULTI_GE2_cens,C6 upstream GLM state+year FE: lpop5 + lppq,lpop5,1.93411920724295,1.44005291105337,2.59769420908968,5158,847,,,,
ADV_MULTI_GE2_cens,C6 upstream GLM state+year FE: lpop5 + lppq,lppq,1.17931904184964,1.02724046275317,1.35391220741207,5158,847,,,,
ADV_PH,"C1 within-state, GLMM (rev 19 specification)",log10 density (within state),0.923934198552212,0.777971376421593,1.09728253394211,7316,1125,0.941314681367789,-0.961303901751509,0.183129533982554,0.277475161810839
ADV_PH,"C1 within-state, GLMM (rev 19 specification)",rain climate per SD (within state),0.771270123379411,0.648709206417415,0.916986528529284,7316,1125,,,,0.277475161810839
ADV_PH,C1 + sampling frequency 2023,log10 density (within state),0.916296786929439,0.768643348922914,1.09231388382366,7316,1125,,,,
ADV_PH,"C2 GLM state+year FE (population-averaged), unweighted",log10 density,0.796465217846915,0.680265192231632,0.932514040824148,7316,1125,,-2.82727777959858,0.17714598141072,
ADV_PH,"C2 GLM state+year FE, inverse-probability-of-location weights",log10 density,0.832776052336771,0.704416630884219,0.984525241085066,7316,1125,,,,
ADV_PH,C2 GLM state+year FE + sampling frequency 2023,log10 density,0.779152558779479,0.661503596131035,0.917725486910814,7316,1125,,,,
ADV_PH,LOSO without ASSAM,log10 density (within state),0.901131823157139,0.756295575635503,1.07370529309809,6868,1059,,,,
ADV_PH,LOSO without BIHAR,log10 density (within state),0.928630234779735,0.77776812618816,1.1087547611053,6632,1037,,,,
ADV_PH,LOSO without GUJARAT,log10 density (within state),0.92204784822329,0.770612214634624,1.10324261446634,6984,1083,,,,
ADV_PH,LOSO without HIMACHAL PRADESH,log10 density (within state),0.948741159900618,0.792860128444436,1.13526933212741,6485,995,,,,
ADV_PH,LOSO without JAMMU & KASHMIR,log10 density (within state),0.868007424823014,0.728906006211425,1.03365438496516,6954,1074,,,,
ADV_PH,LOSO without JHARKHAND,log10 density (within state),0.915471149210938,0.770673593399218,1.08747390881921,7123,1092,,,,
ADV_PH,LOSO without KARNATAKA,log10 density (within state),0.927148485668358,0.774729009500338,1.10955483005797,6969,1076,,,,
ADV_PH,LOSO without MADHYA PRADESH,log10 density (within state),0.905641535168565,0.756543284613348,1.08412381274609,6848,1047,,,,
ADV_PH,LOSO without MAHARASHTRA,log10 density (within state),0.929553167356537,0.766522152972696,1.12725912433394,6439,1010,,,,
ADV_PH,LOSO without MEGHALAYA,log10 density (within state),0.951615369368832,0.803294482108896,1.12732233494443,7187,1092,,,,
ADV_PH,LOSO without MIZORAM,log10 density (within state),0.935414824950776,0.781097290541116,1.12022011256949,7168,1083,,,,
ADV_PH,LOSO without NAGALAND,log10 density (within state),0.952690762826727,0.800513897838187,1.13379629263955,7186,1105,,,,
ADV_PH,LOSO without PUNJAB,log10 density (within state),0.916329979445868,0.770765539275112,1.08938527794191,7038,1086,,,,
ADV_PH,LOSO without RAJASTHAN,log10 density (within state),0.936495015306679,0.788072512069756,1.11287083391716,7194,1101,,,,
ADV_PH,LOSO without SIKKIM,log10 density (within state),0.919551885866732,0.773938487598286,1.09256185646625,7221,1097,,,,
ADV_PH,LOSO without TAMIL NADU,log10 density (within state),0.958631327725149,0.803302564727605,1.14399488168907,7064,1089,,,,
ADV_PH,LOSO without UTTAR PRADESH,log10 density (within state),0.909999172259466,0.75425716762192,1.09789940230042,6567,1016,,,,
ADV_PH,LOSO without UTTARAKHAND,log10 density (within state),0.899307245732974,0.75517407448581,1.07094979760594,7035,1085,,,,
ADV_PH,LOSO without WEST BENGAL,log10 density (within state),0.927330608158409,0.776051612324574,1.1080990531694,6955,1069,,,,
ADV_PH,state slope: ASSAM,log10 density,1.0443750438188,0.38708747393189,2.81775904829054,448,66,,,0.09375,0.506389409686834
ADV_PH,state slope: BIHAR,log10 density,0.933801647665748,0.45774221462297,1.90497072222516,684,88,,,0.130116959064327,0.363754016083072
ADV_PH,state slope: GUJARAT,log10 density,1.279678712981,0.743137463706808,2.20359985659772,332,42,,,0.13855421686747,0.277287388060852
ADV_PH,state slope: HIMACHAL PRADESH,log10 density,0.62688195857813,0.414133811117414,0.948922738113106,831,130,,,0.0962695547533093,0.211514858273652
ADV_PH,state slope: JAMMU & KASHMIR,log10 density,2.10028894032181,0.959699933485921,4.59645091024988,362,51,,,0.193370165745856,0.399596703346838
ADV_PH,state slope: KARNATAKA,log10 density,0.513690401280008,0.240450574387144,1.0974306426166,347,49,,,0.319884726224784,0.387299079244203
ADV_PH,state slope: MADHYA PRADESH,log10 density,0.973260134400521,0.505469213894846,1.87397226809223,468,78,,,0.117521367521368,0.334267482174727
ADV_PH,state slope: MAHARASHTRA,log10 density,0.434473549263696,0.291236528199567,0.648157929147001,877,115,,,0.314709236031927,0.204081284636742
ADV_PH,state slope: MEGHALAYA,log10 density,0.206666428895172,0.041232797134417,1.03585048312505,129,33,,,0.178294573643411,0.822383700118933
ADV_PH,state slope: MIZORAM,log10 density,0.855699570039592,0.463771224927194,1.57884257325558,148,42,,,0.432432432432432,0.312514267370506
ADV_PH,state slope: NAGALAND,log10 density,0.263954495023098,0.090981191964052,0.765784377395574,130,20,,,0.192307692307692,0.543430570158716
ADV_PH,state slope: PUNJAB,log10 density,5.0607368443264,0.63718135524541,40.1942982114701,278,39,,,0.0467625899280576,1.0572515591448
ADV_PH,state slope: RAJASTHAN,log10 density,0.309067044782219,0.0494373247986714,1.93219270175762,122,24,,,0.483606557377049,0.935128839357889
ADV_PH,state slope: SIKKIM,log10 density,144.194837032005,5.17996771858084,4013.95378432649,95,28,,,0.0315789473684211,1.69712581412029
ADV_PH,state slope: TAMIL NADU,log10 density,0.254469891975888,0.101427990502658,0.638432503703439,252,36,,,0.361111111111111,0.469302771846143
ADV_PH,state slope: UTTAR PRADESH,log10 density,1.12585362103562,0.70833268767397,1.78947886784867,749,109,,,0.166889185580774,0.236419857141769
ADV_PH,state slope: UTTARAKHAND,log10 density,3.32513933183531,0.970896653944138,11.3879798959059,281,40,,,0.0355871886120996,0.628085115560046
ADV_PH,state slope: WEST BENGAL,log10 density,1.09933459248412,0.493367944283197,2.44956438746358,361,56,,,0.196675900277008,0.408778125952826
ADV_PH,"C3 persistent class, conditional logit by state",log10 density,0.47554309957958,0.250521879045438,0.902680597875997,973,973,,,0.0431654676258993,
ADV_PH,"C4 rainfall, year-to-year exposure per SD, all cells",rain exposure per SD,0.986344869213281,0.919713498669393,1.05780354689899,7316,1125,,,,
ADV_PH,"C4 rainfall, year-to-year exposure per SD, flagged cells excluded",rain exposure per SD,1.00528391833797,0.935576378987532,1.08018519830801,6982,1076,,,,
ADV_PH,C5 variance share,station_uid,0.132740522450496,,,7316,1125,,,,
ADV_PH,C5 variance share,basin_sub,0.335884454984981,,,7316,1125,,,,
ADV_PH,C5 variance share,state,0.398072657073598,,,7316,1125,,,,
ADV_PH,C5 variance share,basin_main,0.133302365490924,,,7316,1125,,,,
ADV_PH,C6 upstream GLM state+year FE: lpop5,lpop5,0.796465217846914,0.680265192231631,0.932514040824147,7316,1125,,,,
ADV_PH,C6 upstream GLM state+year FE: lpop5 + lq,lpop5,0.796352718795784,0.680157662724219,0.932398012239368,7316,1125,,,,
ADV_PH,C6 upstream GLM state+year FE: lpop5 + lq,lq,1.01471042520989,0.937747781358143,1.09798953140514,7316,1125,,,,
ADV_PH,C6 upstream GLM state+year FE: lup + lq,lup,1.32397617726054,1.17249548896892,1.49502743033571,7316,1125,,,,
ADV_PH,C6 upstream GLM state+year FE: lup + lq,lq,0.9142591799132,0.843159863214953,0.991353934790493,7316,1125,,,,
ADV_PH,C6 upstream GLM state+year FE: lppq,lppq,1.12446023222359,1.04075925431278,1.2148926935915,7316,1125,,,,
ADV_PH,C6 upstream GLM state+year FE: lpop5 + lppq,lpop5,0.763138989758595,0.65032762797515,0.895519569886739,7316,1125,,,,
ADV_PH,C6 upstream GLM state+year FE: lpop5 + lppq,lppq,1.14844584706342,1.06277649994129,1.24102091428449,7316,1125,,,,
