"indicator","model","term","OR","lo","hi","n","stations","PA_OR_approx","AME_pp","baseline_prob","station_var"
"ADV_DO","C1 within-state, GLMM (rev 19 specification)","log10 density (within state)",3.76394837545504,2.54145274456483,5.57449175609853,7303,1134,1.88994303896929,14.118662574869,0.276825682205215,3.85658975369448
"ADV_DO","C1 within-state, GLMM (rev 19 specification)","rain climate per SD (within state)",0.742329849075455,0.499586765589192,1.10301882032143,7303,1134,NA,NA,NA,3.85658975369448
"ADV_DO","C1 + sampling frequency 2023","log10 density (within state)",3.56148130525579,2.39279966467896,5.30096575777825,7303,1134,NA,NA,NA,NA
"ADV_DO","C2 GLM state+year FE (population-averaged), unweighted","log10 density",2.62033656473013,2.05784266918542,3.33658341100471,7303,1134,NA,16.2396972754956,0.254142134788513,NA
"ADV_DO","C2 GLM state+year FE, inverse-probability-of-location weights","log10 density",2.85380374579817,2.22288330067715,3.66379819266749,7303,1134,NA,NA,NA,NA
"ADV_DO","C2 GLM state+year FE + sampling frequency 2023","log10 density",2.48980609972658,1.94627896231959,3.1851212155361,7303,1134,NA,NA,NA,NA
"ADV_DO","LOSO without ASSAM","log10 density (within state)",2.74790232138272,1.85994528459856,4.05977919371445,6857,1068,NA,NA,NA,NA
"ADV_DO","LOSO without BIHAR","log10 density (within state)",3.07054074575276,2.11574721296052,4.45621311164825,6618,1046,NA,NA,NA,NA
"ADV_DO","LOSO without GUJARAT","log10 density (within state)",2.71428290709893,1.83992739786102,4.00414261363474,6975,1092,NA,NA,NA,NA
"ADV_DO","LOSO without HIMACHAL PRADESH","log10 density (within state)",2.67634622846608,1.83802999348914,3.89701428159363,6475,1004,NA,NA,NA,NA
"ADV_DO","LOSO without JAMMU & KASHMIR","log10 density (within state)",2.43370433660275,1.65588386118502,3.57689143353348,6943,1083,NA,NA,NA,NA
"ADV_DO","LOSO without JHARKHAND","log10 density (within state)",2.70139186014342,1.86568407567241,3.91144357032635,7110,1101,NA,NA,NA,NA
"ADV_DO","LOSO without KARNATAKA","log10 density (within state)",2.6819397626667,1.83959099442629,3.91000005564603,6958,1085,NA,NA,NA,NA
"ADV_DO","LOSO without MADHYA PRADESH","log10 density (within state)",2.59697021194919,1.7609298559912,3.82993919877356,6835,1056,NA,NA,NA,NA
"ADV_DO","LOSO without MAHARASHTRA","log10 density (within state)",2.70363831530934,1.76368840378761,4.14453036279585,6428,1019,NA,NA,NA,NA
"ADV_DO","LOSO without MEGHALAYA","log10 density (within state)",2.79146352356234,1.92622109389442,4.04536562707074,7134,1092,NA,NA,NA,NA
"ADV_DO","LOSO without MIZORAM","log10 density (within state)",2.70328830315411,1.83895035655958,3.97387978631552,7154,1092,NA,NA,NA,NA
"ADV_DO","LOSO without NAGALAND","log10 density (within state)",2.82692226579904,1.93822349464528,4.12310010633368,7173,1114,NA,NA,NA,NA
"ADV_DO","LOSO without PUNJAB","log10 density (within state)",2.9671750528151,2.06589172637715,4.2616598351394,7026,1095,NA,NA,NA,NA
"ADV_DO","LOSO without RAJASTHAN","log10 density (within state)",2.9009611090336,1.99057454537277,4.22771173060965,7181,1110,NA,NA,NA,NA
"ADV_DO","LOSO without SIKKIM","log10 density (within state)",2.78394058403079,1.92073680334636,4.03507922684196,7208,1106,NA,NA,NA,NA
"ADV_DO","LOSO without TAMIL NADU","log10 density (within state)",2.63990434465307,1.81657936604617,3.83638341334163,7056,1098,NA,NA,NA,NA
"ADV_DO","LOSO without UTTAR PRADESH","log10 density (within state)",2.9003596706308,1.99042352651268,4.22627953647633,6571,1025,NA,NA,NA,NA
"ADV_DO","LOSO without UTTARAKHAND","log10 density (within state)",2.51194092366536,1.73776380086012,3.63101544689886,7022,1094,NA,NA,NA,NA
"ADV_DO","LOSO without WEST BENGAL","log10 density (within state)",2.86730055643777,1.97111893928158,4.1709367796673,6942,1078,NA,NA,NA,NA
"ADV_DO","state slope: ASSAM","log10 density",1.73450683190037,0.660645488740257,4.55390069437361,446,66,NA,NA,0.242152466367713,0.492480119853042
"ADV_DO","state slope: BIHAR","log10 density",0.409367022619972,0.127430325461981,1.31508225064322,685,88,NA,NA,0.185401459854015,0.595429781226363
"ADV_DO","state slope: GUJARAT","log10 density",3.93594691705604,1.65653937497459,9.35183211936668,328,42,NA,NA,0.280487804878049,0.441541214347855
"ADV_DO","state slope: JAMMU & KASHMIR","log10 density",8.80354436659633,2.69654595245567,28.7413583084133,360,51,NA,NA,0.191666666666667,0.60366465926383
"ADV_DO","state slope: JHARKHAND","log10 density",8.69315357564279,0.00961642477654615,7858.52547549935,193,33,NA,NA,0.0673575129533679,3.47286658099967
"ADV_DO","state slope: KARNATAKA","log10 density",8.6826210381944,2.41867757638748,31.1690606589634,345,49,NA,NA,0.139130434782609,0.65209311798337
"ADV_DO","state slope: MADHYA PRADESH","log10 density",6.51675119726605,1.84695552582909,22.9935402196568,468,78,NA,NA,0.13034188034188,0.643284360887274
"ADV_DO","state slope: MAHARASHTRA","log10 density",3.04604042153241,1.83549482944354,5.05496507033052,875,115,NA,NA,0.530285714285714,0.258432866211077
"ADV_DO","state slope: MIZORAM","log10 density",3.34428619217163,1.04737149712297,10.6783984153397,149,42,NA,NA,0.288590604026846,0.592331421343104
"ADV_DO","state slope: NAGALAND","log10 density",2.28433532376566,0.382210694401817,13.6526474738504,130,20,NA,NA,0.484615384615385,0.912172633508548
"ADV_DO","state slope: PUNJAB","log10 density",0.0326034606398812,0.00242678240068371,0.438022644880233,277,39,NA,NA,0.23826714801444,1.32543478180795
"ADV_DO","state slope: RAJASTHAN","log10 density",0.258482711292375,0.0457171523773469,1.46144955585999,122,24,NA,NA,0.754098360655738,0.883854723369619
"ADV_DO","state slope: SIKKIM","log10 density",0.509353806028405,0.0502529825440225,5.16270451188339,95,28,NA,NA,0.0315789473684211,1.18166988573714
"ADV_DO","state slope: TAMIL NADU","log10 density",19.0211761255515,3.88015654114275,93.2449857017094,247,36,NA,NA,0.408906882591093,0.811059894378988
"ADV_DO","state slope: UTTAR PRADESH","log10 density",2.10983670974912,1.11971210344454,3.97549595839077,732,109,NA,NA,0.311475409836066,0.323234160194338
"ADV_DO","state slope: UTTARAKHAND","log10 density",10.4712305745223,2.27750384745776,48.1433521472215,281,40,NA,NA,0.238434163701068,0.778342608099385
"ADV_DO","state slope: WEST BENGAL","log10 density",2.19026561001482,0.777759997960043,6.16805114044966,361,56,NA,NA,0.354570637119114,0.528244953007066
"ADV_DO","C3 persistent class, conditional logit by state","log10 density",3.74368450806927,2.52716488445585,5.54580897438182,975,975,NA,NA,0.184615384615385,NA
"ADV_DO","C4 rainfall, year-to-year exposure per SD, all cells","rain exposure per SD",0.935862545713994,0.857286333220476,1.02164081069636,7303,1134,NA,NA,NA,NA
"ADV_DO","C4 rainfall, year-to-year exposure per SD, flagged cells excluded","rain exposure per SD",0.939686709502839,0.859741349340175,1.02706600385564,6971,1085,NA,NA,NA,NA
"ADV_DO","C5 variance share","station_uid",0.328137654095003,NA,NA,7303,1134,NA,NA,NA,NA
"ADV_DO","C5 variance share","basin_sub",0.280755819429869,NA,NA,7303,1134,NA,NA,NA,NA
"ADV_DO","C5 variance share","state",0.325691743929768,NA,NA,7303,1134,NA,NA,NA,NA
"ADV_DO","C5 variance share","basin_main",0.0654147825453595,NA,NA,7303,1134,NA,NA,NA,NA
"ADV_DO","C6 upstream GLM state+year FE: lpop5","lpop5",2.62033656473013,2.05784266918542,3.33658341100469,7303,1134,NA,NA,NA,NA
"ADV_DO","C6 upstream GLM state+year FE: lpop5 + lq","lpop5",2.71692851443111,2.13897657530562,3.45104319409115,7303,1134,NA,NA,NA,NA
"ADV_DO","C6 upstream GLM state+year FE: lpop5 + lq","lq",0.694286005345084,0.622925793400477,0.773820994932115,7303,1134,NA,NA,NA,NA
"ADV_DO","C6 upstream GLM state+year FE: lup + lq","lup",0.93576394981905,0.78428161677835,1.11650477462157,7303,1134,NA,NA,NA,NA
"ADV_DO","C6 upstream GLM state+year FE: lup + lq","lq",0.727686082327243,0.642433141063934,0.824252362721855,7303,1134,NA,NA,NA,NA
"ADV_DO","C6 upstream GLM state+year FE: lppq","lppq",1.29683441936298,1.14255909634162,1.47194094084886,7303,1134,NA,NA,NA,NA
"ADV_DO","C6 upstream GLM state+year FE: lpop5 + lppq","lpop5",2.52267495869202,1.98109610380211,3.2123070329593,7303,1134,NA,NA,NA,NA
"ADV_DO","C6 upstream GLM state+year FE: lpop5 + lppq","lppq",1.24313927617128,1.09409478625662,1.41248754620898,7303,1134,NA,NA,NA,NA
