"indicator","left_out","OR","lo","hi","stations"
"ADV_BOD","none",2.85122422617236,2.20816729492728,3.6815505811483,1134
"ADV_BOD","ASSAM",2.90491919808401,2.23719866512812,3.77192945755391,1068
"ADV_BOD","BIHAR",3.27658717301979,2.48761429299484,4.31579105033711,1046
"ADV_BOD","GUJARAT",2.76903876060217,2.12923038499261,3.60110193418257,1092
"ADV_BOD","HIMACHAL PRADESH",2.67445054128069,2.0680923666973,3.45859102472257,1004
"ADV_BOD","JAMMU & KASHMIR",2.58038026051312,1.97610491256919,3.36943764801892,1083
"ADV_BOD","JHARKHAND",2.80774916953594,2.17090225920043,3.63141885620098,1101
"ADV_BOD","KARNATAKA",2.9268115230941,2.24108504918891,3.82235636028925,1085
"ADV_BOD","MADHYA PRADESH",2.79413595152305,2.14366121455131,3.64199140358461,1056
"ADV_BOD","MAHARASHTRA",3.03115038127429,2.31365878523605,3.97114418622532,1019
"ADV_BOD","MEGHALAYA",2.84815765444942,2.20553042217001,3.67802771753085,1092
"ADV_BOD","MIZORAM",2.73724813555844,2.11833783375259,3.53698415627375,1092
"ADV_BOD","NAGALAND",2.87852173572162,2.21779913749645,3.73608558274365,1114
"ADV_BOD","PUNJAB",2.9733299980557,2.29171639373064,3.85767248579407,1095
"ADV_BOD","RAJASTHAN",2.83852130007755,2.19218948188801,3.67541366180388,1110
"ADV_BOD","SIKKIM",2.83853827357655,2.19829433377903,3.66525055664763,1106
"ADV_BOD","TAMIL NADU",2.79182493533181,2.14922540003464,3.62655609291368,1098
"ADV_BOD","UTTAR PRADESH",2.95914518014537,2.26512085004809,3.86581589984114,1025
"ADV_BOD","UTTARAKHAND",2.69830334709229,2.0720140923661,3.51389547964669,1094
"ADV_BOD","WEST BENGAL",2.93271798357941,2.24508810125249,3.83095646287194,1078
"ADV_DO","none",2.62033656473013,2.05784266918541,3.33658341100471,1134
"ADV_DO","ASSAM",2.68292034090371,2.09110182468574,3.44223388390789,1068
"ADV_DO","BIHAR",2.91518236343837,2.25705175311555,3.76521637147727,1046
"ADV_DO","GUJARAT",2.55258240045701,1.98201498955789,3.28740042101106,1092
"ADV_DO","HIMACHAL PRADESH",2.59164991068479,2.03365563186574,3.30274661762199,1004
"ADV_DO","JAMMU & KASHMIR",2.47970747346247,1.93284283017194,3.18129806415696,1083
"ADV_DO","JHARKHAND",2.60870321997677,2.04876192171188,3.32168048312359,1101
"ADV_DO","KARNATAKA",2.54826550133113,1.99605761640465,3.25324129519414,1085
"ADV_DO","MADHYA PRADESH",2.50790980997271,1.96851595027546,3.19510320151445,1056
"ADV_DO","MAHARASHTRA",2.51919701810337,1.9061022969415,3.32949266479779,1019
"ADV_DO","MEGHALAYA",2.62487257685834,2.06075432424909,3.34341457575422,1092
"ADV_DO","MIZORAM",2.59845283432903,2.02909463420721,3.32757133078253,1092
"ADV_DO","NAGALAND",2.67961842205673,2.09279733319671,3.43098434517688,1114
"ADV_DO","PUNJAB",2.79093813532631,2.18442008961863,3.56585975025463,1095
"ADV_DO","RAJASTHAN",2.70647543988434,2.11960266892701,3.45584076396979,1110
"ADV_DO","SIKKIM",2.62583123598296,2.06151720359685,3.34461903487087,1106
"ADV_DO","TAMIL NADU",2.48229872290844,1.94352009676693,3.17043644673556,1098
"ADV_DO","UTTAR PRADESH",2.8049243877931,2.16954700518937,3.62637951720699,1025
"ADV_DO","UTTARAKHAND",2.4904915711831,1.94344155324179,3.19152806822917,1094
"ADV_DO","WEST BENGAL",2.65627078908063,2.07127763219638,3.40648418891151,1078
"ADV_FC_cens","none",2.11381627164961,1.38039349096508,3.23691705266356,856
"ADV_FC_cens","ASSAM",2.02625622352214,1.30580145128636,3.14421023143881,790
"ADV_FC_cens","BIHAR",2.11661307625088,1.37168056744793,3.26610365479735,768
"ADV_FC_cens","GUJARAT",2.10838777444675,1.36570049133359,3.25495892814369,815
"ADV_FC_cens","HIMACHAL PRADESH",2.04568045655695,1.33159052723109,3.14271425393881,726
"ADV_FC_cens","JAMMU & KASHMIR",2.09686462830795,1.3576202991791,3.23863842644929,828
"ADV_FC_cens","KARNATAKA",2.16801696604162,1.39880649606246,3.36022000060429,807
"ADV_FC_cens","MADHYA PRADESH",2.10601517747706,1.35078072349943,3.28350845596415,780
"ADV_FC_cens","MEGHALAYA",2.11381627164954,1.38037576537858,3.23695861834036,814
"ADV_FC_cens","PUNJAB",2.27417479707385,1.45672804363426,3.55033393518192,817
"ADV_FC_cens","RAJASTHAN",2.10504207089091,1.37427631202766,3.22438950700004,832
"ADV_FC_cens","TAMIL NADU",2.00540973438326,1.30189356620261,3.08909138747003,820
"ADV_FC_cens","UTTAR PRADESH",2.00196642483838,1.18908635486832,3.37054541898598,748
"ADV_FC_cens","UTTARAKHAND",2.20616550066362,1.40197496399211,3.47164988057929,816
"ADV_FC_cens","WEST BENGAL",2.17054841522599,1.39749250145009,3.37123842736293,800
"ADV_PH","none",0.796465217846914,0.680265192231632,0.932514040824144,1125
"ADV_PH","ASSAM",0.789903525583205,0.672741834060606,0.92746957025504,1059
"ADV_PH","BIHAR",0.791866265841961,0.673947276739898,0.930417266483733,1037
"ADV_PH","GUJARAT",0.776148470793382,0.659321157309612,0.913676805356968,1083
"ADV_PH","HIMACHAL PRADESH",0.806226308038138,0.681324323847384,0.954025618962646,995
"ADV_PH","JAMMU & KASHMIR",0.743503446276226,0.636035594358006,0.869129620304665,1074
"ADV_PH","JHARKHAND",0.791521565755841,0.675921509024859,0.926892221495406,1092
"ADV_PH","KARNATAKA",0.81108943370865,0.687689791111134,0.956632013412431,1076
"ADV_PH","MADHYA PRADESH",0.778044502833913,0.660557201227958,0.91642820222796,1047
"ADV_PH","MAHARASHTRA",0.934134660169963,0.784614163562736,1.11214862521543,1010
"ADV_PH","MEGHALAYA",0.808541297913145,0.690034522891638,0.947400468735295,1092
"ADV_PH","MIZORAM",0.793240379393892,0.673659738289911,0.934047656014401,1083
"ADV_PH","NAGALAND",0.811757830280325,0.691869058361267,0.952421223435233,1105
"ADV_PH","PUNJAB",0.790594601852243,0.674831961718101,0.926215502429042,1086
"ADV_PH","RAJASTHAN",0.802851587223623,0.684865934968195,0.94116328203333,1101
"ADV_PH","SIKKIM",0.793455938220256,0.677593161385565,0.929130283147511,1097
"ADV_PH","TAMIL NADU",0.828629833340892,0.704525328608755,0.974595763729964,1089
"ADV_PH","UTTAR PRADESH",0.755759475059993,0.638006526272954,0.895245362895544,1016
"ADV_PH","UTTARAKHAND",0.781423525032492,0.665875307847924,0.91702262912813,1085
"ADV_PH","WEST BENGAL",0.786687892831079,0.66833380087483,0.926001108902332,1069
"ADV_MULTI_GE2_cens","none",2.01383565116198,1.50074527127003,2.70234669902303,847
"ADV_MULTI_GE2_cens","ASSAM",2.06091430105426,1.52375677524166,2.78743158048722,781
"ADV_MULTI_GE2_cens","BIHAR",2.42748663382547,1.7345696490154,3.39720654096893,759
"ADV_MULTI_GE2_cens","GUJARAT",1.89535025826021,1.40302252430857,2.56043829606899,806
"ADV_MULTI_GE2_cens","HIMACHAL PRADESH",1.95412936965351,1.45175195387674,2.63035402373333,717
"ADV_MULTI_GE2_cens","JAMMU & KASHMIR",1.97112448165616,1.46428913280048,2.65339107909208,819
"ADV_MULTI_GE2_cens","KARNATAKA",2.04567857933997,1.49730028070623,2.79489752582999,798
"ADV_MULTI_GE2_cens","MADHYA PRADESH",1.86948400796992,1.39269342257763,2.50950453229448,771
"ADV_MULTI_GE2_cens","MEGHALAYA",2.01383565116194,1.50073470118744,2.70236573238557,814
"ADV_MULTI_GE2_cens","PUNJAB",2.13827757298331,1.58438202971147,2.88581345495066,808
"ADV_MULTI_GE2_cens","RAJASTHAN",2.07385628367393,1.53334792907487,2.80489496465993,823
"ADV_MULTI_GE2_cens","TAMIL NADU",1.8596651700772,1.37470715884962,2.51570272442042,811
"ADV_MULTI_GE2_cens","UTTAR PRADESH",1.98913372164982,1.44959306002483,2.72949220834204,739
"ADV_MULTI_GE2_cens","UTTARAKHAND",1.936445385941,1.42450958217099,2.6323590796893,807
"ADV_MULTI_GE2_cens","WEST BENGAL",2.0707289731181,1.51096022778922,2.83787647169554,791
