indicator,scenario,error_sd,pairs,observed_changes,expected_changes_error_only,lo95,hi95,expected_over_observed,repeat_measurement_changes_station_years,share_indistinguishable_rev19
BOD,low,0.095,8482,1074,616.7,576,654,0.574,0.0598,0.243
BOD,main,0.143,8482,1074,902.3,856,948,0.84,0.0824,0.458
BOD,high,0.223,8482,1074,1306.1,1250,1361,1.216,0.1159,0.62
FC,low,0.23,7446,412,409.5,377,441,0.994,0.0433,0.493
FC,main,0.26,7446,412,465.2,428,501,1.129,0.0485,0.527
FC,high,0.33,7446,412,591.1,552,629,1.435,0.0603,0.646
FC (censored),low,0.23,5959,404,385.6,354,418,0.954,0.0502,0.49
FC (censored),main,0.26,5959,404,437.1,404,470,1.082,0.0561,0.522
FC (censored),high,0.33,5959,404,553.1,515,592,1.369,0.0696,0.641
pH,low,0.05,8502,1618,538.8,505,574,0.333,0.067,0.143
pH,main,0.07,8502,1618,729.4,687,769,0.451,0.0778,0.169
pH,high,0.1,8502,1618,1013.7,965,1065,0.627,0.0969,0.321
