state,FC_station_years,FC_max_reported,share_at_1600,ceiling_state
ANDHRA PRADESH,227,920.0,0.0,True
ARUNACHAL PRADESH,1,2.0,0.0,True
ASSAM,545,1000000.0,0.0054744525547445,False
BIHAR,771,240000000.0,0.0,False
CHHATTISGARH,137,700.0,0.0,True
DELHI,53,110000000.0,0.0188679245283018,False
GUJARAT,351,11000.0,0.0790960451977401,False
HARYANA,67,3900000.0,0.0,False
HIMACHAL PRADESH,916,220000.0,0.0463362068965517,False
JAMMU & KASHMIR,31,24000000.0,0.0,False
JHARKHAND,65,220000.0,0.0,False
KARNATAKA,721,490000000.0,0.0027173913043478,False
KERALA,27,1300.0,0.0,True
MADHYA PRADESH,918,490000.0,0.0223517978620019,False
MAHARASHTRA,918,1800.0,0.0125918153200419,True
MANIPUR,57,300.0,0.0,True
MEGHALAYA,182,46000.0,0.0,False
MIZORAM,50,1600.0,0.0109289617486338,True
NAGALAND,9,560000.0,0.0,False
ODISHA,957,1100000.0,0.0010438413361169,False
PUDUCHERRY,5,1600.0,0.25,True
PUNJAB,308,7000000.0,0.0,False
RAJASTHAN,152,6000.0,0.0,False
SIKKIM,95,125.0,0.0,True
TAMIL NADU,372,54000000.0,0.0,False
TELANGANA,321,920.0,0.0,True
TRIPURA,31,350.0,0.0,True
UNKNOWN,1,600.0,0.0,False
UTTAR PRADESH,760,47000000.0,0.0,False
UTTARAKHAND,214,3500000.0,0.0192307692307692,False
WEST BENGAL,376,5000000.0,0.0,False
