indicator,lag,observed,N1,N2,N2_lo,N2_hi
FC,1,0.8117632038063975,0.20818271778645836,0.7139956048076089,0.7030195024022701,0.7247312761308886
FC,2,0.7705923193183489,0.20381888553984034,0.7238040367960948,0.710345325999004,0.7348037039972998
FC,3,0.7165390349939985,0.2007856037761092,0.7193811022431583,0.7069744120622699,0.7340991245981372
FC,4,0.6611887378775088,0.20018675320249885,0.7116673867608507,0.6966830240634339,0.7240869077433822
FC,5,0.6323684685953421,0.20108740431895775,0.7068273247544706,0.6908750212641592,0.7247237061498315
FC,6,0.5981803323117977,0.2045821134207835,0.6947816421811456,0.6743687258791069,0.7209107566184784
FC,7,0.5673595826200375,0.20958909377049298,0.6986845210751429,0.6692533037986559,0.7308546530250479
FC,8,0.519650655021834,0.1950370159277634,0.7215814075397339,0.6750829018187384,0.7657778532608696
BOD,1,0.695875389495084,0.23141636538964483,0.6187483624693816,0.6088977727748632,0.6277782762165475
BOD,2,0.6353171922154607,0.22730320864310394,0.6211798985892366,0.6110586944750035,0.6311109026450445
BOD,3,0.6046267058926161,0.22261730453761153,0.617627561298752,0.6041821069684639,0.6292367442971625
BOD,4,0.5666062799946221,0.21978112046746776,0.6113448309967627,0.5981745260095335,0.6241924284750785
BOD,5,0.5993423160266498,0.23390480286511717,0.6455986436202099,0.632756171126234,0.6574997142087333
BOD,6,0.5842773547283905,0.24036894201131404,0.6436432707198304,0.6260509657252654,0.6612698274817046
BOD,7,0.5875560622116609,0.24436822841096867,0.6403508052096687,0.619770275097956,0.6630762450086098
BOD,8,0.5733634311512416,0.24655078196960062,0.6393472553023257,0.6032776576435263,0.6683831658291457
DO,1,0.5463300856048698,0.1426724456385803,0.46776251809415664,0.45534821332697484,0.4823942237318628
DO,2,0.4958935336220501,0.13929502073272196,0.47264200172296705,0.4596061034383443,0.48713807455716124
DO,3,0.47690213638535983,0.13546877304677457,0.46718054658486885,0.4515505712360612,0.4830585270253844
DO,4,0.4299169574088559,0.13491199722355546,0.46123981675825604,0.44393167903216757,0.48049523083635876
DO,5,0.41536524885849724,0.1408392468267874,0.4606991909812939,0.44253695872479265,0.47809868647378717
DO,6,0.3888162266887467,0.14151541268905907,0.4588447295964662,0.44047396226862406,0.4790382838778262
DO,7,0.37350298546654337,0.13445006907847099,0.4581167674528695,0.4318697068951328,0.48833727464673465
DO,8,0.34797297297297297,0.13126712280782513,0.4627002660988299,0.4210297880116959,0.5055344478216819
pH,1,0.24967043960800495,0.08974950942651834,0.19008316342617854,0.17698834000798103,0.20108683417934314
pH,2,0.20034851325952224,0.09023701659225665,0.18800377162174606,0.17533187442651124,0.20394662330135607
pH,3,0.16994909876652683,0.08877758476084951,0.18606525079450928,0.17098301994114162,0.20292257091300503
pH,4,0.1351586566321211,0.08735858878810951,0.18137505916444863,0.16595432985642278,0.19745273423799253
pH,5,0.1564519968947197,0.0916416549841347,0.19559320276384526,0.17831539835917432,0.212868392299371
pH,6,0.15266933600266933,0.09487298358891877,0.19552902380193388,0.173440869098319,0.22079566655729396
pH,7,0.16978375701551668,0.09017901631268799,0.19770084389486378,0.166381206479457,0.228154607184116
pH,8,0.20392156862745098,0.09608486198616983,0.20191107187558116,0.1607120743034056,0.24187173383921542
>=2 of 4,1,0.6062258765461063,0.17463445695819302,0.5185360992475448,0.5068997482898482,0.5321431583505519
>=2 of 4,2,0.5456526882626133,0.17197164474357696,0.5239591991635372,0.5093019602752176,0.5372737045391134
>=2 of 4,3,0.5126797086222493,0.16842860539398707,0.5268132787087555,0.5109720436905318,0.5412085289833829
>=2 of 4,4,0.484919925855647,0.16761865924383643,0.5175558309004505,0.4982114864411664,0.5345634339941455
>=2 of 4,5,0.45643919519366216,0.17451915600737927,0.5161650820875263,0.49536253408536646,0.5371979689284432
>=2 of 4,6,0.4373007007210317,0.1743570247096165,0.512159352568801,0.4834677329046552,0.5383211176630891
>=2 of 4,7,0.4476190476190476,0.17756893709621707,0.5122900511074319,0.47454518103680815,0.544483520326684
>=2 of 4,8,0.373134328358209,0.16792446092732063,0.5115917536351161,0.4594594594594595,0.5681818181818182
