indicator,criterion,bin_lo,bin_hi,x_median,n,p_change,lo,hi
BOD,3.0,0.0,1.0,0.4,243,0.0205761316872428,0.002726874730847293,0.0384253886436383
BOD,3.0,1.0,1.3,1.0,744,0.028225806451612902,0.016325025431381514,0.04012658747184429
BOD,3.0,1.3,1.5,1.4,259,0.02702702702702703,0.007277544734664562,0.046776509319389495
BOD,3.0,1.5,1.7,1.6,333,0.018018018018018018,0.0037310779599504258,0.03230495807608561
BOD,3.0,1.7,1.8,1.7,151,0.006622516556291391,0.0,0.019559597039100533
BOD,3.0,1.8,2.0,1.8,515,0.040776699029126215,0.023695500136313902,0.05785789792193853
BOD,3.0,2.0,2.1,2.0,343,0.0641399416909621,0.03821136079663949,0.09006852258528471
BOD,3.0,2.1,2.3,2.2,377,0.06631299734748011,0.04119497849164762,0.0914310162033126
BOD,3.0,2.3,2.4,2.3,158,0.056962025316455694,0.020822301455326903,0.09310174917758449
BOD,3.0,2.4,2.6,2.4,505,0.09306930693069307,0.06772965341910546,0.11840896044228068
BOD,3.0,2.6,2.7,2.6,314,0.1178343949044586,0.08217266997631095,0.15349611983260625
BOD,3.0,2.7,2.8,2.7,207,0.13043478260869565,0.0845552813898259,0.1763142838275654
BOD,3.0,2.8,2.9,2.8,437,0.16704805491990846,0.13207399596480685,0.20202211387501007
BOD,3.0,2.9,3.0,2.9,258,0.16666666666666666,0.12119090621150745,0.21214242712182585
BOD,3.0,3.0,3.2,3.0,428,0.397196261682243,0.35083825737394714,0.4435542659905388
BOD,3.0,3.2,3.6,3.3,335,0.4597014925373134,0.40633256094167186,0.5130704241329549
BOD,3.0,3.6,4.0,3.8,261,0.32567049808429116,0.268816487356774,0.38252450881180833
BOD,3.0,4.0,4.6,4.1,406,0.2660098522167488,0.22302781154571,0.30899189288778756
BOD,3.0,4.6,5.6,5.0,341,0.1935483870967742,0.151614722465838,0.2354820517277104
BOD,3.0,5.6,6.9,6.0,354,0.11299435028248588,0.08001470364798394,0.1459739969169878
BOD,3.0,6.9,9.0,7.8,311,0.13504823151125403,0.09706286921075641,0.17303359381175165
BOD,3.0,9.0,14.0,11.0,330,0.0696969696969697,0.04222319912070022,0.09717074027323919
BOD,3.0,14.0,28.0,18.0,352,0.06818181818181818,0.041849771348001746,0.09451386501563461
BOD,3.0,28.0,675.0,52.0,342,0.038011695906432746,0.01774483264322656,0.058278559169638935
DO,5.0,0.0,0.9,0.3,326,0.09815950920245399,0.06586130874633518,0.13045770965857278
DO,5.0,0.9,2.6,1.6,343,0.18075801749271136,0.14003275464550632,0.2214832803399164
DO,5.0,2.6,3.7,3.2,329,0.2674772036474164,0.2196459149765602,0.3153084923182726
DO,5.0,3.7,4.2,4.0,313,0.3003194888178914,0.24953564735952352,0.3511033302762593
DO,5.0,4.2,4.6,4.3,313,0.46325878594249204,0.4080156648614321,0.518501907023552
DO,5.0,4.6,5.0,4.8,384,0.546875,0.4970848417843121,0.5966651582156879
DO,5.0,5.0,5.1,5.0,220,0.25,0.19278032760412805,0.30721967239587195
DO,5.0,5.1,5.3,5.2,422,0.22037914691943128,0.18083093814123224,0.2599273556976303
DO,5.0,5.3,5.5,5.4,327,0.20489296636085627,0.16114493470440044,0.2486409980173121
DO,5.0,5.5,5.7,5.6,393,0.1806615776081425,0.14262299236413106,0.21870016285215393
DO,5.0,5.7,5.844000000000006,5.8,349,0.12607449856733524,0.09124925289288319,0.1608997442417873
DO,5.0,5.844000000000006,6.0,5.9,139,0.1510791366906475,0.09154246916815392,0.21061580421314105
DO,5.0,6.0,6.2,6.0,532,0.09210526315789473,0.0675321472985775,0.11667837901721197
DO,5.0,6.2,6.3,6.2,296,0.10135135135135136,0.06697023687101211,0.1357324658316906
DO,5.0,6.3,6.4,6.3,148,0.06756756756756757,0.027128322312393892,0.10800681282274124
DO,5.0,6.4,6.6,6.4,483,0.049689440993788817,0.030309728096917725,0.0690691538906599
DO,5.0,6.6,6.8,6.6,362,0.03867403314917127,0.01881094109249495,0.058537125205847584
DO,5.0,6.8,6.9,6.8,349,0.02865329512893983,0.01115008204087908,0.04615650821700058
DO,5.0,6.9,7.0,6.9,201,0.05472636815920398,0.023282560700166953,0.086170175618241
DO,5.0,7.0,7.1,7.0,356,0.03651685393258427,0.017031880832200877,0.05600182703296766
DO,5.0,7.1,7.3,7.2,477,0.031446540880503145,0.01578461659582714,0.04710846516517915
DO,5.0,7.3,7.5,7.4,340,0.0058823529411764705,0.0,0.014010864801793175
DO,5.0,7.5,7.8,7.6,304,0.01644736842105263,0.00214966473426716,0.0307450721078381
DO,5.0,7.8,8.5,8.0,401,0.012468827930174564,0.001607770564272703,0.023329885296076425
DO,5.0,8.5,11.6,8.8,345,0.005797101449275362,0.0,0.013808152265672806
FC,2500.0,0.0,2.0,1.8,23,0.0,0.0,0.0
FC,2500.0,2.0,4.0,2.0,329,0.00303951367781155,0.0,0.008987899725476119
FC,2500.0,4.0,12.0,6.0,354,0.0,0.0,0.0
FC,2500.0,12.0,21.0,15.0,213,0.0,0.0,0.0
FC,2500.0,21.0,33.0,26.0,223,0.0,0.0,0.0
FC,2500.0,33.0,49.0,39.0,265,0.0,0.0,0.0
FC,2500.0,49.0,84.0,68.0,224,0.008928571428571428,0.0,0.02124757351883832
FC,2500.0,84.0,150.0,110.0,251,0.00796812749003984,0.0,0.018967303722535786
FC,2500.0,150.0,230.0,170.0,218,0.01834862385321101,0.0005327055187754649,0.03616454218764656
FC,2500.0,230.0,360.0,280.0,255,0.01568627450980392,0.0004347710669193282,0.030937777952688515
FC,2500.0,360.0,580.0,460.0,235,0.03404255319148936,0.01085728093433597,0.05722782544864276
FC,2500.0,580.0,790.0,720.0,186,0.053763440860215055,0.02134866753609444,0.08617821418433566
FC,2500.0,790.0,940.0,910.0,279,0.04659498207885305,0.021862809920834583,0.07132715423687151
FC,2500.0,940.0,1300.0,1100.0,188,0.07446808510638298,0.036939867391999046,0.1119963028207669
FC,2500.0,1300.0,1700.0,1300.0,194,0.08247422680412371,0.04376420027592141,0.12118425333232602
FC,2500.0,1700.0,2300.0,2000.0,311,0.17363344051446947,0.13153374746457158,0.21573313356436735
FC,2500.0,2300.0,3300.0,2500.0,244,0.3114754098360656,0.2533678325052103,0.3695829871669209
FC,2500.0,3300.0,5400.0,4000.0,250,0.312,0.25456751826361673,0.36943248173638327
FC,2500.0,5400.0,11000.0,7500.0,213,0.2300469483568075,0.17352636569977764,0.28656753101383736
FC,2500.0,11000.0,17000.0,13000.0,197,0.15228426395939088,0.10211062561642437,0.20245790230235738
FC,2500.0,17000.0,33000.0,22000.0,297,0.06734006734006734,0.038838005386908236,0.09584212929322644
FC,2500.0,33000.0,92000.0,54000.0,240,0.041666666666666664,0.01638514984918531,0.06694818348414802
FC,2500.0,92000.0,160000.0,92000.0,190,0.021052631578947368,0.0006393823630919393,0.0414658807948028
FC,2500.0,160000.0,240000.0,160000.0,273,0.014652014652014652,0.0003986224192358643,0.02890540688479344
FC,2500.0,240000.0,110000000.0,490000.0,246,0.016260162601626018,0.00045528672891883074,0.0320650384743332
