state,BOD_eq_3,DO_eq_5,FC_eq_1600,FC_eq_2400,FC_eq_2500,FC_eq_1100,BOD_eq_2.9_or_3.1,DO_eq_4.9_or_5.1,station_years
ANDHRA PRADESH,0.0502092050209205,0.029288702928870293,0.0,0.0,0.0,0.0,0.04811715481171548,0.027196652719665274,239.0
ARUNACHAL PRADESH,0.07142857142857142,0.046511627906976744,0.0,0.0,0.0,0.0,0.047619047619047616,0.0,82.0
ASSAM,0.021897810218978103,0.11049723756906077,0.005504587155963303,0.0,0.0,0.1761467889908257,0.013686131386861315,0.03222836095764273,548.0
BIHAR,0.07532467532467532,0.01706036745406824,0.0,0.0012970168612191958,0.0,0.0,0.05649350649350649,0.00984251968503937,771.0
CHHATTISGARH,0.04932735426008968,0.008,0.0,0.0,0.0,0.0,0.0515695067264574,0.0,253.0
DELHI,0.018867924528301886,0.022222222222222223,0.018867924528301886,0.0,0.0,0.0,0.0,0.022222222222222223,53.0
GUJARAT,0.0061162079510703364,0.025936599423631124,0.07977207977207977,0.0,0.0,0.002849002849002849,0.00764525993883792,0.018731988472622477,354.0
HARYANA,0.05970149253731343,0.0,0.0,0.0,0.0,0.014925373134328358,0.0,0.007462686567164179,67.0
HIMACHAL PRADESH,0.00954653937947494,0.006493506493506494,0.04694323144104803,0.0,0.0,0.0032751091703056767,0.0011933174224343676,0.0016233766233766235,928.0
JAMMU & KASHMIR,0.028169014084507043,0.03412073490813648,0.0,0.0,0.0,0.0,0.016901408450704224,0.009186351706036745,383.0
JHARKHAND,0.05333333333333334,0.01856763925729443,0.0,0.0,0.0,0.0,0.034666666666666665,0.003978779840848806,377.0
KARNATAKA,0.19015047879616964,0.04365620736698499,0.0027739251040221915,0.004160887656033287,0.0013869625520110957,0.020804438280166437,0.023255813953488372,0.020463847203274217,736.0
KERALA,0.037037037037037035,0.0,0.0,0.0,0.0,0.037037037037037035,0.0,0.0,27.0
MADHYA PRADESH,0.009746588693957114,0.010784313725490196,0.02505446623093682,0.0054466230936819175,0.0,0.0032679738562091504,0.008771929824561403,0.004901960784313725,1029.0
MAHARASHTRA,0.01993704092339979,0.04631578947368421,0.013071895424836602,0.0,0.0,0.0,0.001049317943336831,0.03736842105263158,953.0
MANIPUR,0.0,0.01694915254237288,0.0,0.0,0.0,0.0,0.016666666666666666,0.0,60.0
MEGHALAYA,0.0,0.005154639175257732,0.0,0.0,0.0,0.005494505494505495,0.0,0.0,194.0
MIZORAM,0.0,0.09836065573770492,0.04,0.0,0.0,0.2,0.00546448087431694,0.03551912568306011,183.0
NAGALAND,0.0425531914893617,0.014184397163120567,0.0,0.0,0.0,0.0,0.02127659574468085,0.024822695035460994,141.0
ODISHA,0.0,0.022988505747126436,0.0010449320794148381,0.06269592476489028,0.0010449320794148381,0.02612330198537095,0.006289308176100629,0.014106583072100314,958.0
PUDUCHERRY,0.0,0.0,0.4,0.0,0.0,0.0,0.0,0.0,8.0
PUNJAB,0.03169014084507042,0.006557377049180328,0.0,0.0,0.0,0.01948051948051948,0.0,0.001639344262295082,308.0
RAJASTHAN,0.019736842105263157,0.026490066225165563,0.0,0.0,0.0,0.0,0.05592105263157895,0.059602649006622516,152.0
SIKKIM,0.0,0.0,0.0,0.0,0.0,0.0,0.005263157894736842,0.0,95.0
TAMIL NADU,0.10626702997275204,0.01098901098901099,0.0,0.0,0.0,0.02956989247311828,0.020435967302452316,0.017857142857142856,372.0
TELANGANA,0.15950920245398773,0.06748466257668712,0.0,0.0,0.0,0.0,0.012269938650306749,0.02147239263803681,326.0
TRIPURA,0.0,0.03225806451612903,0.0,0.0,0.0,0.0,0.0,0.06451612903225806,31.0
UNKNOWN,0.0,0.0,0.0,0.0,0.0,0.0,0.0,0.0,1.0
UTTAR PRADESH,0.01639344262295082,0.005208333333333333,0.0,0.005263157894736842,0.005263157894736842,0.013157894736842105,0.018915510718789406,0.0078125,794.0
UTTARAKHAND,0.03806228373702422,0.00974025974025974,0.028037383177570093,0.0,0.0,0.0,0.0034602076124567475,0.003246753246753247,312.0
WEST BENGAL,0.04,0.05585106382978723,0.0,0.005319148936170213,0.0026595744680851063,0.005319148936170213,0.06666666666666667,0.027925531914893616,376.0
ALL,0.0423,0.0284,0.0128,0.0078,0.0007,0.0192,0.0183,0.0153,11111.0
