Year,BOD_eq_3,DO_eq_5,FC_eq_1600,FC_eq_2400,FC_eq_2500,FC_eq_1100,BOD_eq_2.9_or_3.1,DO_eq_4.9_or_5.1
2016,0.0397196261682243,0.014018691588785047,0.0091324200913242,0.0045662100456621,0.0045662100456621,0.015220700152207,0.029205607476635514,0.015186915887850467
2017,0.04794520547945205,0.028506271379703536,0.0,0.007662835249042145,0.0,0.01532567049808429,0.02054794520547945,0.010832383124287344
2018,0.04334038054968287,0.020169851380042462,0.010739856801909307,0.008353221957040573,0.0,0.007159904534606206,0.008985200845665961,0.010084925690021231
2019,0.03317535545023697,0.02200956937799043,0.0031545741324921135,0.012618296529968454,0.0010515247108307045,0.012618296529968454,0.00995260663507109,0.010047846889952153
2020,0.0411522633744856,0.021042084168336674,0.012235817575083427,0.0055617352614015575,0.0,0.02224694104560623,0.013374485596707819,0.009519038076152305
2021,0.049930651872399444,0.030555555555555555,0.020684168655529037,0.010342084327764518,0.0015910898965791568,0.015115354017501989,0.0159500693481276,0.02013888888888889
2022,0.04665738161559889,0.032278481012658226,0.009475218658892129,0.014577259475218658,0.0,0.01967930029154519,0.023328690807799445,0.017721518987341773
2023,0.04466501240694789,0.0297951582867784,0.01619718309859155,0.0035211267605633804,0.0,0.01971830985915493,0.019851116625310174,0.015518311607697082
2024,0.03376304481276857,0.042435424354243544,0.02190280629705681,0.0027378507871321013,0.0006844626967830253,0.03490759753593429,0.02117863720073665,0.02060270602706027
