indicator,rule,stations,station_years,adverse_share,classifications_differing_from_single_sample,changes_2020_2021,expected_changes_no_change_null,null_lo,null_hi
BOD,single sample (current),73,146,0.274,0,14,11.0,9.0,13.0
BOD,raw score > 10%,73,146,0.226,7,9,8.7,6.0,11.0
BOD,"binomial, 10% exceedance, alpha 0.05",73,146,0.13,21,5,3.0,2.0,4.0
BOD,median (> 50%),73,146,0.096,26,2,2.3,2.0,3.0
FC,single sample (current),81,162,0.031,0,1,1.0,1.0,1.5249999999999773
FC,raw score > 10%,81,162,0.031,0,1,1.0,1.0,2.0
FC,"binomial, 10% exceedance, alpha 0.05",81,162,0.012,3,2,0.9,0.0,2.0
FC,median (> 50%),81,162,0.012,3,2,1.2,0.0,2.0
PH,single sample (current),101,202,0.163,0,23,20.0,18.0,22.0
PH,raw score > 10%,101,202,0.079,17,10,9.1,7.0,12.0
PH,"binomial, 10% exceedance, alpha 0.05",101,202,0.025,28,3,2.4,1.0,4.0
PH,median (> 50%),101,202,0.0,33,0,0.0,0.0,0.0
