station_uid,year,records,months,n_BOD,n_FC,n_PH,months_with_two_records
WQS0036,2020,10,10,10,2,10,0
WQS0036,2021,10,10,9,10,10,0
WQS0314,2020,12,12,11,11,12,0
WQS0314,2021,12,12,7,12,12,0
WQS0315,2020,12,12,12,12,12,0
WQS0315,2021,12,12,11,12,12,0
WQS0316,2020,12,12,12,12,12,0
WQS0316,2021,11,11,3,11,11,0
WQS0317,2020,12,12,11,12,12,0
WQS0317,2021,12,12,0,12,12,0
WQS0318,2020,12,12,11,12,12,0
WQS0318,2021,12,12,0,12,12,0
WQS0319,2020,11,11,11,11,11,0
WQS0319,2021,11,11,1,11,11,0
WQS0320,2020,11,11,11,11,11,0
WQS0320,2021,12,12,1,12,12,0
WQS0321,2020,10,10,6,10,10,0
WQS0321,2021,12,12,9,12,12,0
WQS0322,2020,12,12,12,12,12,0
WQS0322,2021,12,12,0,9,12,0
WQS0326,2020,12,12,12,12,12,0
WQS0326,2021,12,12,12,12,12,0
WQS0329,2021,12,12,0,12,12,0
WQS0334,2020,11,11,10,11,11,0
WQS0334,2021,12,12,7,12,12,0
WQS0335,2020,12,12,11,12,12,0
WQS0335,2021,12,12,0,12,12,0
WQS0336,2020,12,12,10,11,12,0
WQS0336,2021,12,12,1,12,12,0
WQS0337,2021,1,1,1,1,1,0
WQS0338,2020,12,12,12,11,12,0
WQS0338,2021,12,12,1,12,12,0
WQS0340,2020,12,12,12,12,12,0
WQS0340,2021,12,12,12,12,12,0
WQS0341,2021,12,12,12,12,12,0
WQS0342,2021,9,9,6,9,9,0
WQS0344,2020,12,12,4,4,4,0
WQS0345,2020,11,11,9,9,9,0
WQS0345,2021,9,9,5,9,9,0
WQS0348,2020,12,12,3,3,3,0
WQS0349,2020,11,11,9,9,9,0
WQS0349,2021,11,11,10,5,11,0
WQS0350,2020,12,12,12,12,12,0
WQS0350,2021,12,12,12,12,12,0
WQS0351,2020,12,12,12,12,12,0
WQS0351,2021,12,12,10,12,12,0
WQS0352,2021,1,1,1,0,1,0
WQS0353,2020,12,12,12,9,12,0
WQS0353,2021,12,12,2,11,12,0
WQS0354,2020,12,12,12,11,12,0
WQS0354,2021,12,12,7,12,12,0
WQS0355,2020,11,11,11,11,11,0
WQS0355,2021,11,11,11,11,11,0
WQS0358,2020,12,12,12,10,12,0
WQS0358,2021,12,12,5,12,12,0
WQS0359,2020,12,12,12,11,12,0
WQS0359,2021,12,12,3,12,12,0
WQS0360,2020,11,11,11,11,11,0
WQS0360,2021,12,12,11,11,11,0
WQS0361,2020,12,12,12,10,12,0
WQS0361,2021,12,12,2,4,12,0
WQS0516,2021,12,12,11,12,12,0
WQS0600,2020,17,11,17,0,17,6
WQS0600,2021,18,10,18,0,18,8
WQS0618,2020,17,11,17,0,17,6
WQS0618,2021,17,10,17,0,17,7
WQS0619,2020,18,11,18,0,18,7
WQS0619,2021,17,9,17,0,17,8
WQS0620,2020,17,11,17,0,17,6
WQS0620,2021,16,9,16,0,16,7
WQS0662,2020,9,9,9,9,9,0
WQS0662,2021,10,10,10,10,10,0
WQS0663,2020,11,11,11,11,11,0
WQS0663,2021,12,12,12,11,12,0
WQS0664,2020,11,11,11,11,11,0
WQS0664,2021,12,12,12,12,12,0
WQS0665,2020,11,11,11,11,11,0
WQS0665,2021,12,12,12,12,12,0
WQS0668,2020,12,12,12,12,12,0
WQS0668,2021,12,12,12,12,12,0
WQS0669,2020,12,12,12,12,12,0
WQS0669,2021,12,12,12,12,12,0
WQS0672,2021,11,11,11,11,11,0
WQS0674,2020,12,12,12,12,12,0
WQS0674,2021,12,12,6,12,12,0
WQS0675,2020,11,11,11,11,11,0
WQS0675,2021,12,12,12,12,12,0
WQS0677,2020,12,12,12,12,12,0
WQS0677,2021,12,12,9,12,12,0
WQS0678,2020,12,12,12,12,12,0
WQS0678,2021,12,12,8,12,12,0
WQS0679,2020,11,11,11,10,11,0
WQS0679,2021,12,12,12,12,12,0
WQS0681,2020,12,12,12,12,12,0
WQS0681,2021,12,12,9,12,12,0
WQS0682,2020,12,12,12,12,12,0
WQS0682,2021,12,12,10,12,12,0
WQS0688,2020,10,10,10,2,10,0
WQS0688,2021,12,12,12,0,12,0
WQS0691,2020,12,12,12,12,12,0
WQS0691,2021,12,12,5,12,12,0
WQS0692,2020,10,10,10,2,10,0
WQS0692,2021,12,12,12,0,12,0
WQS0694,2020,3,3,3,3,3,0
WQS0694,2021,1,1,1,1,1,0
WQS0696,2020,4,4,3,4,4,0
WQS0696,2021,4,4,1,4,4,0
WQS0699,2020,12,12,12,12,12,0
WQS0699,2021,12,12,12,12,12,0
WQS0705,2020,12,12,12,12,12,0
WQS0705,2021,12,12,12,12,12,0
WQS0706,2020,12,12,12,12,12,0
WQS0706,2021,12,12,12,12,12,0
WQS0707,2020,12,12,12,12,12,0
WQS0707,2021,12,12,12,12,12,0
WQS0708,2020,12,12,12,12,12,0
WQS0708,2021,12,12,12,12,12,0
WQS0711,2020,10,10,9,9,9,0
WQS0711,2021,11,11,11,11,11,0
WQS0715,2020,12,12,12,12,12,0
WQS0715,2021,12,12,12,12,12,0
WQS0721,2020,12,12,12,12,12,0
WQS0721,2021,12,12,12,12,12,0
WQS0723,2020,12,12,12,12,12,0
WQS0723,2021,11,11,8,11,11,0
WQS0726,2020,12,12,12,12,12,0
WQS0726,2021,12,12,10,12,12,0
WQS0734,2020,11,11,11,11,11,0
WQS0734,2021,12,12,12,12,12,0
WQS0737,2020,12,12,12,11,12,0
WQS0737,2021,12,12,12,12,12,0
WQS0738,2021,1,1,1,1,1,0
WQS0743,2021,1,1,1,1,1,0
WQS0745,2020,12,12,8,8,8,0
WQS0745,2021,10,10,10,10,10,0
WQS0747,2020,10,10,4,4,4,0
WQS0747,2021,10,10,10,10,10,0
WQS0750,2020,10,10,10,2,10,0
WQS0750,2021,12,12,12,0,12,0
WQS0754,2020,10,10,10,2,10,0
WQS0754,2021,12,12,12,0,12,0
WQS0755,2020,11,11,11,10,11,0
WQS0755,2021,12,12,12,12,12,0
WQS0756,2020,12,12,12,9,12,0
WQS0756,2021,12,12,12,0,12,0
WQS0760,2021,1,1,1,1,1,0
WQS0769,2020,12,12,12,9,12,0
WQS0769,2021,12,12,12,0,12,0
WQS0770,2020,12,12,12,12,12,0
WQS0770,2021,12,12,12,12,12,0
WQS0771,2021,12,12,8,12,12,0
WQS0773,2020,11,11,11,10,11,0
WQS0773,2021,12,12,12,12,12,0
WQS0774,2020,12,12,12,12,12,0
WQS0774,2021,12,12,12,12,12,0
WQS0952,2021,12,12,12,12,12,0
WQS0954,2021,12,12,12,12,12,0
WQS0955,2021,12,12,12,12,12,0
WQS0958,2021,12,12,12,12,12,0
WQS0959,2021,12,12,12,12,12,0
WQS0960,2021,12,12,12,12,12,0
WQS0961,2021,12,12,12,12,12,0
WQS0962,2021,12,12,12,12,12,0
WQS0963,2021,12,12,12,12,12,0
WQS0964,2021,12,12,12,12,12,0
WQS0965,2021,8,8,8,8,8,0
WQS0966,2021,4,4,4,4,4,0
WQS0967,2021,12,12,12,0,12,0
WQS0968,2021,12,12,12,0,12,0
WQS0974,2021,4,4,4,4,4,0
WQS0975,2021,12,12,12,12,12,0
WQS0979,2021,12,12,12,12,12,0
WQS0986,2021,2,2,2,2,2,0
WQS0987,2021,12,12,12,12,12,0
WQS0988,2021,12,12,12,11,12,0
WQS0989,2021,12,12,12,12,12,0
WQS0991,2021,12,12,12,12,12,0
WQS0992,2021,12,12,12,12,12,0
WQS0993,2021,12,12,12,12,12,0
WQS0994,2021,12,12,12,12,12,0
WQS0995,2021,12,12,12,12,12,0
WQS0996,2021,12,12,12,12,12,0
WQS0997,2021,12,12,12,12,12,0
WQS0998,2021,12,12,12,12,12,0
WQS1000,2021,12,12,12,12,12,0
WQS1001,2021,12,12,12,12,12,0
WQS1002,2021,12,12,12,12,12,0
WQS1003,2021,10,10,10,10,10,0
WQS1005,2021,3,3,3,3,3,0
WQS1006,2021,12,12,12,12,12,0
WQS1008,2021,12,12,12,12,12,0
WQS1009,2021,12,12,12,12,12,0
WQS1014,2021,12,12,12,12,12,0
WQS1015,2021,12,12,12,0,12,0
WQS1016,2021,8,8,8,8,8,0
WQS1017,2021,9,9,9,0,9,0
WQS1019,2021,12,12,12,0,12,0
WQS1020,2021,12,12,12,0,12,0
WQS1021,2021,12,12,12,12,12,0
WQS1022,2021,12,12,12,12,12,0
WQS1025,2021,12,12,12,0,12,0
WQS1026,2021,12,12,12,12,12,0
WQS1027,2021,12,12,12,12,12,0
WQS1028,2021,12,12,12,12,12,0
WQS1029,2021,12,12,12,12,12,0
WQS1030,2021,12,12,12,12,12,0
WQS1031,2021,12,12,12,12,12,0
WQS1032,2021,12,12,12,12,12,0
WQS1033,2021,12,12,12,12,12,0
WQS1036,2021,12,12,12,12,12,0
WQS1037,2021,12,12,12,12,12,0
WQS1038,2021,12,12,12,12,12,0
WQS1039,2021,12,12,12,12,12,0
WQS1040,2021,12,12,12,12,12,0
WQS1041,2021,12,12,12,12,12,0
WQS1042,2021,12,12,12,12,12,0
WQS1043,2021,12,12,12,10,12,0
WQS1044,2021,12,12,12,12,12,0
WQS1047,2021,12,12,12,12,12,0
WQS1048,2021,4,4,4,4,4,0
WQS1051,2021,1,1,1,1,1,0
WQS1052,2021,1,1,1,1,1,0
WQS1054,2021,10,10,10,10,10,0
WQS1055,2021,11,11,11,11,11,0
WQS1056,2021,12,12,12,12,12,0
WQS1057,2021,1,1,1,1,1,0
WQS1058,2021,12,12,12,12,12,0
WQS1059,2021,12,12,12,11,12,0
WQS1060,2021,12,12,12,12,12,0
WQS1061,2021,12,12,12,12,12,0
WQS1062,2021,12,12,12,12,12,0
WQS1063,2021,8,8,8,8,8,0
WQS1064,2021,12,12,12,12,12,0
WQS1065,2021,12,12,12,12,12,0
WQS1066,2021,12,12,12,12,12,0
WQS1067,2021,3,3,3,3,3,0
WQS1068,2021,12,12,12,12,12,0
WQS1069,2021,2,2,2,2,2,0
WQS1070,2021,12,12,12,12,12,0
WQS1072,2021,12,12,12,12,12,0
WQS1074,2021,12,12,12,12,12,0
WQS1075,2021,12,12,12,12,12,0
WQS1076,2021,12,12,12,12,12,0
WQS1077,2021,10,10,10,9,10,0
WQS1078,2021,10,10,10,10,10,0
WQS1121,2020,11,11,11,11,11,0
WQS1121,2021,10,10,10,10,10,0
WQS1122,2020,11,11,10,11,11,0
WQS1122,2021,10,10,9,10,10,0
WQS1125,2020,10,10,10,10,10,0
WQS1125,2021,10,10,10,10,10,0
WQS1129,2021,10,10,10,0,10,0
WQS1130,2021,10,10,10,0,10,0
WQS1131,2021,10,10,10,0,10,0
WQS1132,2021,10,10,10,0,10,0
WQS1133,2021,10,10,10,0,10,0
WQS1134,2021,10,10,6,8,10,0
WQS1135,2021,10,10,10,10,10,0
WQS1136,2021,10,10,10,10,10,0
WQS1138,2021,10,10,10,9,10,0
WQS1139,2021,10,10,7,10,10,0
WQS1140,2021,10,10,10,6,10,0
WQS1143,2021,10,10,10,9,10,0
WQS1144,2021,10,10,7,10,10,0
WQS1145,2021,10,10,10,10,10,0
WQS1147,2021,10,10,9,10,10,0
WQS1149,2021,12,12,12,12,12,0
WQS1150,2021,10,10,9,10,10,0
WQS1151,2021,10,10,10,10,10,0
WQS1152,2021,10,10,9,7,10,0
WQS1153,2021,10,10,10,10,10,0
WQS1154,2021,10,10,10,6,10,0
WQS1158,2021,10,10,10,9,10,0
WQS1171,2021,10,10,9,6,10,0
WQS1172,2021,10,10,7,10,10,0
WQS1180,2021,10,10,9,7,10,0
WQS1181,2021,10,10,9,10,10,0
WQS1182,2021,10,10,10,4,10,0
WQS1183,2021,10,10,7,0,10,0
WQS1184,2021,10,10,10,0,10,0
WQS1412,2020,4,4,3,4,4,0
WQS1412,2021,3,3,2,3,3,0
WQS1421,2021,12,12,3,11,12,0
WQS1535,2020,12,12,6,12,12,0
WQS1535,2021,11,11,3,10,11,0
WQS1536,2020,12,12,9,12,12,0
WQS1536,2021,9,9,2,9,9,0
WQS1537,2020,12,12,6,7,12,0
WQS1537,2021,1,1,0,1,1,0
WQS1538,2020,12,12,7,12,12,0
WQS1538,2021,11,11,2,11,11,0
WQS1539,2020,12,12,10,12,12,0
WQS1539,2021,12,12,0,12,12,0
WQS1541,2020,8,8,7,7,8,0
WQS1541,2021,9,9,2,9,9,0
WQS1542,2020,12,12,9,12,12,0
WQS1542,2021,12,12,1,12,12,0
WQS1543,2020,12,12,7,12,12,0
WQS1543,2021,11,11,2,11,11,0
WQS1544,2020,7,7,6,7,7,0
WQS1544,2021,10,10,6,9,10,0
WQS1546,2020,8,8,6,7,8,0
WQS1546,2021,12,12,8,10,12,0
WQS1547,2020,12,12,4,7,12,0
WQS1547,2021,1,1,1,1,1,0
WQS1550,2020,8,8,7,7,8,0
WQS1550,2021,12,12,9,10,12,0
WQS1551,2020,8,8,6,7,8,0
WQS1551,2021,12,12,7,9,12,0
WQS1552,2020,8,8,6,7,8,0
WQS1552,2021,12,12,9,10,12,0
WQS1553,2020,12,12,7,12,12,0
WQS1553,2021,11,11,1,11,11,0
WQS1554,2020,12,12,9,12,12,0
WQS1554,2021,12,12,1,12,12,0
WQS1555,2020,12,12,7,12,12,0
WQS1555,2021,11,11,0,11,11,0
WQS1558,2021,12,12,12,12,12,0
WQS1561,2021,9,9,9,9,9,0
WQS1562,2021,11,11,2,11,11,0
WQS1570,2021,11,11,4,11,11,0
WQS1572,2021,11,11,2,11,11,0
WQS1573,2021,9,9,5,9,9,0
WQS1575,2020,12,12,7,12,12,0
WQS1575,2021,11,11,3,11,11,0
WQS1576,2021,12,12,12,12,12,0
WQS1577,2021,12,12,12,12,12,0
WQS1578,2021,12,12,12,12,12,0
WQS1579,2021,12,12,12,11,12,0
WQS1580,2021,12,12,12,12,12,0
WQS1583,2021,11,11,2,2,11,0
WQS1585,2021,11,11,1,11,11,0
WQS1586,2020,10,10,3,8,10,0
WQS1586,2021,4,4,2,3,4,0
WQS1587,2020,12,12,7,11,12,0
WQS1587,2021,12,12,7,11,12,0
WQS1588,2021,2,2,2,0,2,0
WQS1589,2021,3,3,3,1,3,0
WQS1592,2020,11,11,6,10,11,0
WQS1592,2021,5,5,2,5,5,0
WQS1723,2021,3,3,3,3,3,0
WQS1788,2020,17,12,16,15,16,5
WQS1788,2021,19,11,3,18,19,8
WQS1789,2020,12,12,12,1,12,0
WQS1789,2021,12,12,12,6,12,0
WQS1799,2020,16,11,15,14,15,5
WQS1799,2021,20,11,19,19,20,9
WQS1800,2020,16,12,15,14,15,4
WQS1800,2021,21,12,12,21,21,9
WQS1801,2020,4,4,4,4,4,0
WQS1801,2021,4,4,4,4,4,0
WQS1804,2020,17,12,16,15,16,5
WQS1804,2021,21,12,8,18,21,9
WQS1817,2020,12,12,12,10,12,0
WQS1817,2021,12,12,12,12,12,0
WQS1818,2020,4,4,4,4,4,0
WQS1818,2021,3,3,0,3,3,0
WQS1819,2020,4,4,4,4,4,0
WQS1819,2021,8,8,6,8,8,0
WQS1824,2020,4,4,4,3,4,0
WQS1824,2021,8,8,1,1,8,0
