indicator,samples_used,station_years,adverse_share_all,adverse_share_k,missed_given_adverse
BOD,1,225,0.502,0.366,0.271
BOD,2,225,0.502,0.417,0.169
BOD,3,225,0.502,0.442,0.12
BOD,4,225,0.502,0.457,0.09
BOD,6,225,0.502,0.476,0.051
BOD,8,225,0.502,0.488,0.029
BOD,quarterly,225,0.502,0.463,0.078
FC,1,164,0.018,0.01,0.461
FC,2,164,0.018,0.012,0.34
FC,3,164,0.018,0.013,0.28
FC,4,164,0.018,0.014,0.218
FC,6,164,0.018,0.015,0.171
FC,8,164,0.018,0.016,0.119
FC,quarterly,164,0.018,0.014,0.228
PH,1,293,0.195,0.038,0.805
PH,2,293,0.195,0.062,0.681
PH,3,293,0.195,0.082,0.577
PH,4,293,0.195,0.1,0.487
PH,6,293,0.195,0.131,0.326
PH,8,293,0.195,0.156,0.196
PH,quarterly,293,0.195,0.101,0.479
