indicator,frequency_2023,stations,states,prevalence,P11,CI,P01,N2,obs_minus_N2
FC_cens,monthly,650,15,0.407,0.95,0.94-0.96,0.033,0.924,0.025
FC_cens,quarterly,59,14,0.585,0.888,0.82-0.94,0.225,0.789,0.099
FC_cens,not reported,516,16,0.197,0.695,0.64-0.75,0.047,0.583,0.112
FC,monthly,814,20,0.322,0.946,0.93-0.96,0.023,0.919,0.027
FC,quarterly,59,14,0.585,0.888,0.82-0.94,0.225,0.789,0.098
FC,not reported,670,24,0.155,0.692,0.63-0.74,0.035,0.581,0.112
BOD,monthly,951,22,0.42,0.856,0.84-0.87,0.078,0.818,0.038
BOD,quarterly,59,14,0.403,0.74,0.62-0.85,0.172,0.664,0.076
BOD,not reported,700,26,0.283,0.718,0.68-0.75,0.105,0.652,0.066
DO,monthly,949,22,0.269,0.727,0.69-0.76,0.09,0.678,0.049
DO,quarterly,59,14,0.146,0.731,0.50-0.89,0.063,0.723,0.008
DO,not reported,698,26,0.201,0.615,0.57-0.66,0.079,0.565,0.05
PH,monthly,942,22,0.172,0.399,0.36-0.43,0.117,0.327,0.072
PH,quarterly,59,14,0.109,0.429,0.20-0.62,0.051,0.343,0.086
PH,not reported,703,26,0.155,0.418,0.37-0.47,0.111,0.317,0.101
