variant,indicator,stations,station_years,prevalence,P11,P01,N2,obs_minus_N2,jaccard1,persistent,P11_with_other,P11_alone
base,FC,1233,7603,0.328,0.884,0.043,0.836,0.049,0.812,0.275,0.916,0.828
base,BOD,1718,10842,0.366,0.811,0.091,0.764,0.047,0.696,0.299,0.857,0.664
base,DO,1714,10835,0.239,0.689,0.084,0.641,0.048,0.546,0.164,0.749,0.382
base,pH,1712,10866,0.163,0.406,0.113,0.323,0.082,0.25,0.038,0.434,0.359
DO < 4,FC,1233,7603,0.328,0.884,0.043,0.836,0.049,0.812,0.275,0.924,0.821
DO < 4,BOD,1718,10842,0.366,0.811,0.091,0.764,0.048,0.696,0.299,0.874,0.689
DO < 4,DO,1714,10835,0.138,0.676,0.049,0.602,0.074,0.511,0.098,0.718,0.282
DO < 4,pH,1712,10866,0.163,0.406,0.113,0.323,0.082,0.25,0.038,0.436,0.361
pH 6-9,FC,1233,7603,0.328,0.884,0.043,0.835,0.049,0.812,0.275,0.915,0.841
pH 6-9,BOD,1718,10842,0.366,0.811,0.091,0.764,0.048,0.696,0.299,0.865,0.697
pH 6-9,DO,1714,10835,0.239,0.689,0.084,0.642,0.047,0.546,0.164,0.755,0.41
pH 6-9,pH,1712,10866,0.013,0.206,0.009,0.16,0.045,0.101,0.002,0.158,0.267
FC > 500,FC,1233,7603,0.557,0.942,0.069,0.915,0.028,0.893,0.514,0.949,0.935
FC > 500,BOD,1718,10842,0.366,0.811,0.091,0.763,0.048,0.696,0.299,0.844,0.68
FC > 500,DO,1714,10835,0.239,0.689,0.084,0.642,0.047,0.546,0.164,0.724,0.41
FC > 500,pH,1712,10866,0.163,0.406,0.113,0.323,0.082,0.25,0.038,0.439,0.332
values at the limit adverse,FC,1233,7603,0.329,0.886,0.042,0.838,0.049,0.815,0.275,0.909,0.831
values at the limit adverse,BOD,1718,10842,0.408,0.825,0.1,0.78,0.045,0.72,0.337,0.856,0.703
values at the limit adverse,DO,1714,10835,0.267,0.696,0.1,0.653,0.043,0.547,0.181,0.737,0.418
values at the limit adverse,pH,1712,10867,0.282,0.529,0.178,0.453,0.075,0.363,0.125,0.561,0.474
empirical P80,FC,1233,7603,0.245,0.838,0.055,0.757,0.081,0.707,0.211,0.898,0.766
empirical P80,BOD,1718,10842,0.195,0.747,0.05,0.693,0.053,0.616,0.145,0.79,0.57
empirical P80,DO,1714,10835,0.195,0.672,0.071,0.614,0.058,0.521,0.124,0.758,0.385
empirical P80,pH,1712,10866,0.163,0.406,0.113,0.322,0.083,0.25,0.038,0.395,0.414
empirical P90,FC,1233,7603,0.121,0.727,0.042,0.575,0.152,0.56,0.075,0.806,0.648
empirical P90,BOD,1718,10842,0.098,0.74,0.026,0.707,0.033,0.593,0.076,0.797,0.568
empirical P90,DO,1714,10835,0.102,0.68,0.036,0.61,0.069,0.504,0.074,0.784,0.314
empirical P90,pH,1712,10866,0.163,0.406,0.113,0.323,0.083,0.25,0.038,0.341,0.42
FC coded as in rev 19,FC,1551,9535,0.262,0.881,0.032,0.831,0.05,0.809,0.219,0.912,0.827
FC coded as in rev 19,BOD,1718,10842,0.366,0.811,0.091,0.764,0.047,0.696,0.299,0.857,0.664
FC coded as in rev 19,DO,1714,10835,0.239,0.689,0.084,0.643,0.046,0.546,0.164,0.749,0.382
FC coded as in rev 19,pH,1712,10866,0.163,0.406,0.113,0.322,0.083,0.25,0.038,0.434,0.359
min years 4,FC,1047,7158,0.336,0.884,0.045,0.834,0.05,0.811,0.275,0.917,0.826
min years 4,BOD,1425,10113,0.371,0.812,0.091,0.764,0.048,0.698,0.299,0.858,0.66
min years 4,DO,1424,10114,0.241,0.692,0.085,0.641,0.052,0.547,0.164,0.748,0.392
min years 4,pH,1417,10133,0.162,0.403,0.111,0.319,0.084,0.25,0.038,0.429,0.356
min years 5,FC,908,6618,0.346,0.885,0.044,0.837,0.049,0.816,0.295,0.918,0.828
min years 5,BOD,1218,9285,0.376,0.811,0.091,0.763,0.048,0.699,0.308,0.853,0.669
min years 5,DO,1217,9289,0.242,0.689,0.086,0.633,0.056,0.544,0.165,0.747,0.371
min years 5,pH,1218,9343,0.16,0.399,0.111,0.311,0.088,0.25,0.038,0.43,0.342
min years 6,FC,837,6279,0.35,0.885,0.043,0.838,0.047,0.819,0.302,0.918,0.826
min years 6,BOD,1125,8832,0.382,0.815,0.091,0.767,0.048,0.705,0.317,0.856,0.675
min years 6,DO,1124,8834,0.248,0.692,0.087,0.635,0.057,0.548,0.172,0.748,0.373
min years 6,pH,1125,8882,0.161,0.403,0.111,0.311,0.091,0.253,0.036,0.431,0.348
min years 9,FC,374,3224,0.362,0.888,0.046,0.832,0.056,0.83,0.304,0.928,0.826
min years 9,BOD,467,4169,0.343,0.774,0.096,0.716,0.059,0.656,0.272,0.826,0.577
min years 9,DO,467,4179,0.208,0.676,0.067,0.6,0.076,0.542,0.135,0.734,0.295
min years 9,pH,467,4198,0.159,0.362,0.113,0.289,0.074,0.232,0.019,0.381,0.333
harmonization: low/ambiguous excluded,FC,1223,7529,0.33,0.884,0.044,0.835,0.049,0.812,0.276,0.916,0.829
harmonization: low/ambiguous excluded,BOD,1706,10749,0.367,0.812,0.092,0.765,0.048,0.697,0.301,0.858,0.663
harmonization: low/ambiguous excluded,DO,1702,10741,0.24,0.691,0.084,0.643,0.047,0.548,0.165,0.75,0.384
harmonization: low/ambiguous excluded,pH,1700,10773,0.163,0.407,0.112,0.322,0.085,0.251,0.039,0.434,0.362
harmonization: all-high stations only,FC,1105,6758,0.342,0.885,0.046,0.834,0.051,0.813,0.284,0.919,0.825
harmonization: all-high stations only,BOD,1527,9597,0.371,0.816,0.093,0.768,0.047,0.701,0.302,0.859,0.673
harmonization: all-high stations only,DO,1523,9588,0.248,0.7,0.084,0.654,0.046,0.56,0.171,0.761,0.38
harmonization: all-high stations only,pH,1520,9615,0.155,0.39,0.109,0.308,0.083,0.24,0.033,0.42,0.34
raw CPCB codes,FC,1217,7599,0.329,0.885,0.044,0.835,0.05,0.813,0.274,0.917,0.829
raw CPCB codes,BOD,1690,10838,0.365,0.81,0.092,0.761,0.049,0.692,0.294,0.855,0.663
raw CPCB codes,DO,1686,10833,0.239,0.688,0.084,0.639,0.048,0.545,0.16,0.748,0.382
raw CPCB codes,pH,1683,10862,0.163,0.401,0.114,0.32,0.081,0.245,0.04,0.431,0.352
drop 2016,FC,1227,7093,0.322,0.89,0.036,0.857,0.032,0.828,0.275,0.923,0.829
drop 2016,BOD,1708,9983,0.354,0.812,0.087,0.766,0.046,0.695,0.294,0.855,0.669
drop 2016,DO,1704,9976,0.233,0.682,0.079,0.648,0.034,0.543,0.163,0.747,0.367
drop 2016,pH,1702,10000,0.16,0.401,0.107,0.326,0.075,0.249,0.043,0.42,0.369
drop 2017,FC,1228,6986,0.317,0.893,0.034,0.846,0.048,0.833,0.276,0.924,0.835
drop 2017,BOD,1712,9965,0.358,0.803,0.082,0.759,0.043,0.686,0.298,0.843,0.674
drop 2017,DO,1707,9958,0.232,0.67,0.073,0.644,0.026,0.538,0.166,0.738,0.365
drop 2017,pH,1706,9966,0.16,0.409,0.105,0.318,0.091,0.252,0.041,0.437,0.366
drop 2020,FC,1226,6808,0.328,0.886,0.045,0.829,0.056,0.809,0.279,0.909,0.847
drop 2020,BOD,1712,9836,0.373,0.825,0.096,0.776,0.049,0.713,0.304,0.868,0.692
drop 2020,DO,1709,9833,0.243,0.687,0.086,0.644,0.043,0.548,0.175,0.746,0.374
drop 2020,pH,1706,9863,0.166,0.436,0.122,0.33,0.106,0.261,0.04,0.464,0.385
drop 2016-2017,FC,1220,6476,0.309,0.893,0.034,0.874,0.02,0.833,0.276,0.924,0.835
drop 2016-2017,BOD,1704,9111,0.345,0.803,0.082,0.766,0.037,0.686,0.283,0.843,0.674
drop 2016-2017,DO,1700,9105,0.225,0.67,0.073,0.652,0.018,0.538,0.154,0.738,0.365
drop 2016-2017,pH,1698,9105,0.155,0.409,0.105,0.328,0.081,0.252,0.039,0.437,0.366
one-year gaps bridged,FC,1233,7603,0.328,0.882,0.045,0.836,0.046,0.812,0.275,0.916,0.828
one-year gaps bridged,BOD,1718,10842,0.366,0.816,0.094,0.772,0.044,0.696,0.299,0.857,0.664
one-year gaps bridged,DO,1714,10835,0.239,0.685,0.085,0.648,0.037,0.546,0.164,0.749,0.382
one-year gaps bridged,pH,1712,10866,0.163,0.401,0.114,0.326,0.075,0.25,0.038,0.434,0.359
