indicator,min_years,stations,P11,N2,obs_minus_N2,N2_95
FC,2,1233,0.884,0.836,0.049,0.827-0.844
FC,4,1012,0.884,0.833,0.051,0.825-0.841
FC,5,864,0.885,0.836,0.049,0.828-0.845
FC,6,773,0.884,0.838,0.046,0.829-0.846
FC,9,299,0.893,0.845,0.048,0.835-0.854
BOD,2,1718,0.811,0.764,0.048,0.756-0.771
BOD,4,1416,0.813,0.764,0.049,0.757-0.773
BOD,5,1203,0.812,0.765,0.047,0.757-0.772
BOD,6,1116,0.815,0.768,0.047,0.759-0.777
BOD,9,446,0.777,0.719,0.057,0.707-0.731
DO,2,1714,0.689,0.642,0.047,0.631-0.653
DO,4,1412,0.693,0.642,0.051,0.631-0.654
DO,5,1204,0.69,0.633,0.057,0.621-0.646
DO,6,1109,0.688,0.63,0.059,0.617-0.643
DO,9,448,0.666,0.586,0.08,0.567-0.606
pH,2,1712,0.406,0.323,0.083,0.308-0.340
pH,4,1411,0.399,0.315,0.084,0.299-0.331
pH,5,1214,0.399,0.312,0.087,0.295-0.330
pH,6,1118,0.403,0.312,0.091,0.295-0.330
pH,9,462,0.363,0.291,0.072,0.263-0.315
>=2 of 4,2,1221,0.738,0.683,0.055,0.671-0.694
>=2 of 4,4,996,0.739,0.685,0.054,0.673-0.697
>=2 of 4,5,857,0.736,0.679,0.057,0.666-0.692
>=2 of 4,6,762,0.735,0.676,0.059,0.662-0.690
>=2 of 4,9,285,0.733,0.685,0.048,0.670-0.701
FC (rev 19 coding),2,1551,0.881,0.831,0.051,0.823-0.840
FC (rev 19 coding),4,1250,0.881,0.828,0.052,0.820-0.837
FC (rev 19 coding),5,1070,0.881,0.831,0.05,0.823-0.841
FC (rev 19 coding),6,973,0.881,0.833,0.048,0.824-0.842
FC (rev 19 coding),9,354,0.892,0.84,0.052,0.830-0.850
